REGION	POS	REF	ALT	REF_DP	REF_RV	REF_QUAL	ALT_DP	ALT_RV	ALT_QUAL	ALT_FREQ	TOTAL_DP	PVAL	PASS	GFF_FEATURE	REF_CODON	REF_AA	ALT_CODON	ALT_AA	mut_key	site_key
MN908947.3	10323	A	G	151850	122655	36	227.0	141	36	0.0014915	152196.0	6.51225e-05	TRUE						10323:A>G	10323:A
MN908947.3	10449	C	A	51334	24355	35	4972.0	4952	35	0.088181	56384.0	0.0	TRUE						10449:C>A	10449:C
MN908947.3	11201	A	G	121442	100365	35	227.0	201	35	0.00186408	121776.0	6.51303e-09	TRUE						11201:A>G	11201:A
MN908947.3	11266	G	A	123784	102854	36	169.0	136	36	0.00136328	123966.0	0.00466302	TRUE						11266:G>A	11266:G
MN908947.3	11451	A	G	70607	31042	36	113.0	78	36	0.0015972	70749.0	0.000888162	TRUE						11451:A>G	11451:A
MN908947.3	11537	A	G	54766	34881	35	331.0	186	35	0.00600486	55122.0	1.1725599999999999e-49	TRUE						11537:A>G	11537:A
MN908947.3	14410	A	G	56545	17108	36	86.0	27	35	0.00151807	56651.0	0.00717726	TRUE						14410:A>G	14410:A
MN908947.3	14676	C	T	53898	28065	66	73.0	33	70	0.00135203	53993.0	1.01873e-22	TRUE						14676:C>T	14676:C
MN908947.3	15240	C	T	122914	98796	36	164.0	101	36	0.00133189	123133.0	0.00888927	TRUE						15240:C>T	15240:C
MN908947.3	15451	G	A	46766	46755	36	73.0	73	35	0.00155816	46850.0	0.0083322	TRUE						15451:G>A	15451:G
MN908947.3	16176	T	A	79202	79187	36	122.0	122	33	0.00153353	79555.0	0.00137442	TRUE						16176:T>A	16176:T
MN908947.3	16176	T	C	79202	79187	36	223.0	223	36	0.00280309	79555.0	1.95467e-17	TRUE						16176:T>C	16176:T
MN908947.3	16342	T	C	131927	71100	34	228.0	100	34	0.00172353	132287.0	2.17759e-07	TRUE						16342:T>C	16342:T
MN908947.3	16466	C	A	101114	83762	47	54.0	41	51	0.000531569	101586.0	1.38404e-15	TRUE						16466:C>A	16466:C
MN908947.3	16466	C	T	101114	83762	47	404.0	256	57	0.00397693	101586.0	2.8837600000000002e-120	TRUE						16466:C>T	16466:C
MN908947.3	16500	A	G	37073	20323	66	88.0	38	65	0.00236585	37196.0	2.9476499999999997e-27	TRUE						16500:A>G	16500:A
MN908947.3	17040	T	C	66895	66876	36	113.0	113	36	0.00168571	67034.0	0.000367575	TRUE						17040:T>C	17040:T
MN908947.3	17124	T	C	68263	6	36	160.0	0	36	0.00233706	68462.0	4.72591e-10	TRUE						17124:T>C	17124:T
MN908947.3	17340	A	G	183302	145218	36	332.0	223	36	0.00180525	183908.0	2.92306e-11	TRUE						17340:A>G	17340:A
MN908947.3	17340	A	T	183302	145218	36	259.0	219	35	0.00140831	183908.0	0.000188577	TRUE						17340:A>T	17340:A
MN908947.3	17522	T	C	111108	111066	36	223.0	223	35	0.00200221	111377.0	4.16263e-10	TRUE						17522:T>C	17522:T
MN908947.3	17859	T	C	46644	25138	64	109.0	44	61	0.00233055	46770.0	1.41824e-33	TRUE						17859:T>C	17859:T
MN908947.3	1807	A	G	53296	42122	36	111.0	105	35	0.00207737	53433.0	3.30867e-06	TRUE						1807:A>G	1807:A
MN908947.3	18877	C	T	175411	87994	70	195.0	98	70	0.00111024	175638.0	1.85366e-59	TRUE						18877:C>T	18877:C
MN908947.3	20579	T	C	79960	57652	36	151.0	111	35	0.00188268	80205.0	1.63986e-06	TRUE						20579:T>C	20579:T
MN908947.3	20581	A	G	79005	57427	35	192.0	163	36	0.00242192	79276.0	2.22027e-12	TRUE						20581:A>G	20581:A
MN908947.3	21717	A	G	43019	2681	35	75.0	3	35	0.00173832	43145.0	0.00200567	TRUE						21717:A>G	21717:A
MN908947.3	21762	C	T	38737	38623	35	147.0	144	36	0.00377921	38897.0	1.12979e-16	TRUE						21762:C>T	21762:C
MN908947.3	21786	G	T	70227	39677	35	518.0	21	34	0.0073104	70858.0	3.1893899999999997e-86	TRUE						21786:G>T	21786:G
MN908947.3	21789	C	T	70944	39860	35	534.0	27	35	0.00746759	71509.0	1.65753e-89	TRUE						21789:C>T	21789:C
MN908947.3	21801	A	G	69832	40419	35	115.0	103	35	0.00164328	69982.0	0.0004199	TRUE						21801:A>G	21801:A
MN908947.3	21810	T	C	69951	38559	34	132.0	52	34	0.0018823	70127.0	7.406e-06	TRUE						21810:T>C	21810:T
MN908947.3	21995	T	C	33754	33740	35	58.0	58	35	0.00171451	33829.0	0.00563474	TRUE						21995:T>C	21995:T
MN908947.3	22018	G	A	34128	34115	35	62.0	62	35	0.00181175	34221.0	0.0027338	TRUE						22018:G>A	22018:G
MN908947.3	22031	T	C	56087	34029	35	129.0	87	35	0.00228898	56357.0	3.66604e-08	TRUE						22031:T>C	22031:T
MN908947.3	22031	T	G	56087	34029	35	100.0	3	35	0.0017744	56357.0	0.000246681	TRUE						22031:T>G	22031:T
MN908947.3	22101	A	G	23657	11001	63	68.0	32	63	0.00286436	23740.0	3.15586e-21	TRUE						22101:A>G	22101:A
MN908947.3	22227	C	T	101232	13327	35	25968.0	21	36	0.204098	127233.0	0.0	TRUE						22227:C>T	22227:C
MN908947.3	22320	A	G	152774	109332	35	283.0	222	36	0.0018478	153155.0	2.24219e-10	TRUE						22320:A>G	22320:A
MN908947.3	22679	T	C	55190	4850	35	922.0	12	35	0.0164221	56144.0	9.04057e-205	TRUE						22679:T>C	22679:T
MN908947.3	22786	A	G	67252	52064	35	132.0	110	35	0.00195788	67420.0	2.25228e-06	TRUE						22786:A>G	22786:A
MN908947.3	22812	A	G	70732	55266	36	149.0	84	36	0.0021004	70939.0	4.70805e-08	TRUE						22812:A>G	22812:A
MN908947.3	22813	G	T	45779	30250	36	25212.0	25190	36	0.354839	71052.0	0.0	TRUE						22813:G>T	22813:G
MN908947.3	22882	T	A	33900	14305	35	63.0	4	36	0.00184383	34168.0	0.00191282	TRUE						22882:T>A	22882:T
MN908947.3	22882	T	C	33900	14305	35	81.0	31	35	0.00237064	34168.0	5.94628e-06	TRUE						22882:T>C	22882:T
MN908947.3	22882	T	G	33900	14305	35	124.0	43	36	0.00362913	34168.0	1.21382e-13	TRUE						22882:T>G	22882:T
MN908947.3	22942	T	C	33780	14306	35	71.0	13	34	0.002096	33874.0	0.000119266	TRUE						22942:T>C	22942:T
MN908947.3	22992	G	A	115903	19111	36	19903.0	29	36	0.14646	135894.0	0.0	TRUE						22992:G>A	22992:G
MN908947.3	22995	C	A	67247	19174	36	67934.0	5	35	0.501647	135422.0	0.0	TRUE						22995:C>A	22995:C
MN908947.3	22995	C	T	67247	19174	36	155.0	18	33	0.00114457	135422.0	1.05098e-12	TRUE						22995:C>T	22995:C
MN908947.3	23013	A	C	115271	19222	35	19304.0	4	36	0.143085	134913.0	0.0	TRUE						23013:A>C	23013:A
MN908947.3	23013	A	G	115271	19222	35	199.0	39	35	0.00147502	134913.0	3.92467e-07	TRUE						23013:A>G	23013:A
MN908947.3	23018	T	C	136161	19163	35	214.0	22	36	0.00156873	136416.0	1.7571e-05	TRUE						23018:T>C	23018:T
MN908947.3	23019	T	C	136873	19084	36	255.0	30	36	0.00185765	137270.0	1.20275e-09	TRUE						23019:T>C	23019:T
MN908947.3	23031	T	C	117867	12	36	300.0	1	36	0.00253822	118193.0	1.03221e-19	TRUE						23031:T>C	23031:T
MN908947.3	23040	A	G	117842	16	36	226.0	0	35	0.00191324	118124.0	2.86243e-09	TRUE						23040:A>G	23040:A
MN908947.3	23048	G	A	117799	22	36	162.0	1	36	0.00137321	117972.0	0.00411872	TRUE						23048:G>A	23048:G
MN908947.3	23055	A	G	117026	26	36	242.0	0	35	0.00206273	117320.0	1.7856e-11	TRUE						23055:A>G	23055:A
MN908947.3	23075	T	C	119995	57723	68	227.0	94	66	0.00188775	120249.0	4.05052e-69	TRUE						23075:T>C	23075:T
MN908947.3	23287	T	C	38152	18875	64	101.0	51	62	0.00263852	38279.0	3.5674e-31	TRUE						23287:T>C	23287:T
MN908947.3	23341	T	C	91000	34588	35	164.0	63	34	0.00179785	91220.0	2.72708e-06	TRUE						23341:T>C	23341:T
MN908947.3	23525	C	T	114273	58394	70	823.0	414	66	0.00714354	115209.0	2.72977e-249	TRUE						23525:C>T	23525:C
MN908947.3	23664	C	T	154288	75584	36	249.0	129	36	0.00161117	154546.0	1.23188e-06	TRUE						23664:C>T	23664:C
MN908947.3	23709	C	T	120033	41687	36	34225.0	34110	36	0.221788	154314.0	0.0	TRUE						23709:C>T	23709:C
MN908947.3	23854	C	A	98993	77447	35	233.0	181	34	0.00234197	99489.0	5.38181e-14	TRUE						23854:C>A	23854:C
MN908947.3	23854	C	T	98993	77447	35	180.0	160	35	0.00180925	99489.0	6.11815e-07	TRUE						23854:C>T	23854:C
MN908947.3	23948	G	T	47901	13639	35	9374.0	9366	36	0.163444	57353.0	0.0	TRUE						23948:G>T	23948:G
MN908947.3	24187	T	C	76213	58010	35	277.0	224	36	0.00361869	76547.0	2.25404e-28	TRUE						24187:T>C	24187:T
MN908947.3	241	C	T	9	0	34	5342.0	1	36	0.997945	5353.0	0.0	TRUE						241:C>T	241:C
MN908947.3	24224	T	C	17718	9	36	52.0	0	36	0.00292529	17776.0	1.42146e-05	TRUE						24224:T>C	24224:T
MN908947.3	24424	A	G	124575	7651	36	268.0	16	35	0.00214524	124928.0	1.26261e-13	TRUE						24424:A>G	24424:A
MN908947.3	24432	A	G	124024	7699	36	343.0	15	35	0.00275473	124513.0	3.27489e-25	TRUE						24432:A>G	24432:A
MN908947.3	24469	T	C	121337	59723	68	218.0	100	67	0.00179276	121600.0	1.9442999999999998e-66	TRUE						24469:T>C	24469:T
MN908947.3	24506	T	C	134610	112430	35	357.0	338	35	0.00264352	135047.0	1.5254400000000002e-24	TRUE						24506:T>C	24506:T
MN908947.3	24950	A	G	51252	34182	36	79.0	71	36	0.00153849	51349.0	0.00868554	TRUE						24950:A>G	24950:A
MN908947.3	25276	C	T	64818	44053	36	114.0	88	36	0.00175498	64958.0	0.000107863	TRUE						25276:C>T	25276:C
MN908947.3	25469	C	T	212045	87087	36	95367.0	84	35	0.310073	307563.0	0.0	TRUE						25469:C>T	25469:C
MN908947.3	26059	A	G	51321	26117	35	112.0	56	34	0.00217691	51449.0	9.74362e-07	TRUE						26059:A>G	26059:A
MN908947.3	26681	C	T	76768	37985	69	67.0	27	68	0.000871692	76862.0	6.5954899999999994e-21	TRUE						26681:C>T	26681:C
MN908947.3	26709	G	A	76853	38927	68	105.0	53	66	0.00136399	76980.0	2.33897e-32	TRUE						26709:G>A	26709:G
MN908947.3	26801	C	T	29906	35	35	51.0	0	36	0.00170233	29959.0	0.00911584	TRUE						26801:C>T	26801:C
MN908947.3	27259	A	G	449805	19082	32	1417.0	11	33	0.00313198	452429.0	1.27076e-116	TRUE						27259:A>G	27259:A
MN908947.3	27383	A	G	207978	117880	36	369.0	195	35	0.00177034	208434.0	9.48189e-12	TRUE						27383:A>G	27383:A
MN908947.3	27384	T	A	207705	116458	36	499.0	477	30	0.00239264	208556.0	5.43848e-29	TRUE						27384:T>A	27384:T
MN908947.3	27384	T	C	207705	116458	36	329.0	118	35	0.00157751	208556.0	7.88174e-08	TRUE						27384:T>C	27384:T
MN908947.3	2749	C	A	89541	31623	36	183.0	1	36	0.00203162	90076.0	7.6796e-09	TRUE						2749:C>A	2749:C
MN908947.3	2749	C	T	89541	31623	36	291.0	37	35	0.00323061	90076.0	2.7436600000000004e-26	TRUE						2749:C>T	2749:C
MN908947.3	27897	A	G	211529	156056	36	362.0	211	35	0.00170722	212041.0	1.4526e-10	TRUE						27897:A>G	27897:A
MN908947.3	27972	C	T	89552	54816	36	27944.0	122	36	0.237763	117529.0	0.0	TRUE						27972:C>T	27972:C
MN908947.3	28111	A	G	182712	59611	36	363.0	131	36	0.00198211	183138.0	4.95948e-15	TRUE						28111:A>G	28111:A
MN908947.3	28144	T	C	122293	599	36	220.0	1	36	0.00179508	122557.0	6.20375e-08	TRUE						28144:T>C	28144:T
MN908947.3	28272	A	G	130498	106	36	368.0	1	35	0.00280798	131055.0	1.6573299999999997e-27	TRUE						28272:A>G	28272:A
MN908947.3	28281	A	G	124157	88	34	332.0	0	35	0.00266491	124582.0	2.33234e-23	TRUE						28281:A>G	28281:A
MN908947.3	28297	T	A	136642	72119	65	81.0	29	56	0.000591491	136942.0	1.59183e-23	TRUE						28297:T>A	28297:T
MN908947.3	28297	T	C	136642	72119	65	208.0	100	66	0.00151889	136942.0	2.09669e-63	TRUE						28297:T>C	28297:T
MN908947.3	28311	C	T	173484	132818	35	45607.0	257	36	0.208081	219179.0	0.0	TRUE						28311:C>T	28311:C
MN908947.3	2832	A	G	56660	35	35	174.0	0	36	0.00305972	56868.0	1.30854e-15	TRUE						2832:A>G	2832:A
MN908947.3	28447	A	G	77891	77830	35	196.0	196	36	0.00250877	78126.0	3.20617e-13	TRUE						28447:A>G	28447:A
MN908947.3	28461	A	G	112257	79347	35	18667.0	247	35	0.142509	130988.0	0.0	TRUE						28461:A>G	28461:A
MN908947.3	28472	C	T	127939	78520	35	3684.0	88	36	0.0279759	131685.0	0.0	TRUE						28472:C>T	28472:C
MN908947.3	28699	A	G	359370	214879	36	512.0	400	35	0.00142155	360171.0	1.20627e-07	TRUE						28699:A>G	28699:A
MN908947.3	28742	A	G	142565	227	36	266.0	0	36	0.00186182	142871.0	4.03384e-10	TRUE						28742:A>G	28742:A
MN908947.3	29402	G	T	317782	118818	36	44669.0	270	36	0.123145	362734.0	0.0	TRUE						29402:G>T	29402:G
MN908947.3	29543	G	A	293606	234398	36	375.0	274	35	0.00127516	294080.0	0.000959479	TRUE						29543:G>A	29543:G
MN908947.3	29742	G	A	363390	49123	36	701.0	69	36	0.00192474	364205.0	1.07914e-25	TRUE						29742:G>A	29742:G
MN908947.3	3267	C	T	55822	30290	35	3674.0	3639	36	0.0617354	59512.0	0.0	TRUE						3267:C>T	3267:C
MN908947.3	3428	A	G	48319	48205	34	119.0	119	35	0.00245401	48492.0	1.79111e-08	TRUE						3428:A>G	3428:A
MN908947.3	4002	C	T	15219	65	36	59.0	8	35	0.00386025	15284.0	1.22634e-07	TRUE						4002:C>T	4002:C
MN908947.3	4321	C	-T	87454	17609	35	2122.0	0	20	0.0242025	87677.0	2.49446e-114	TRUE						4321:C>-T	4321:C
MN908947.3	4321	C	T	87454	17609	35	132.0	57	35	0.00150649	87621.0	0.00138721	TRUE						4321:C>T	4321:C
MN908947.3	4926	A	G	42314	21482	34	74.0	10	35	0.00174438	42422.0	0.00185156	TRUE						4926:A>G	4926:A
MN908947.3	5388	C	A	96257	46462	36	5218.0	5199	36	0.0513593	101598.0	0.0	TRUE						5388:C>A	5388:C
MN908947.3	5648	A	G	387178	40509	36	918.0	63	34	0.00236305	388481.0	2.21832e-50	TRUE						5648:A>G	5648:A
MN908947.3	6037	C	T	564002	12494	33	737.0	15	35	0.00130473	564867.0	8.66817e-07	TRUE						6037:C>T	6037:C
MN908947.3	6954	T	C	38126	19626	68	83.0	38	61	0.00217169	38219.0	9.782060000000001e-26	TRUE						6954:T>C	6954:T
MN908947.3	7124	C	G	54808	21916	36	85.0	16	35	0.00154678	54953.0	0.00521557	TRUE						7124:C>G	7124:C
MN908947.3	7296	C	T	141581	42	35	297.0	0	34	0.0020927	141922.0	3.31377e-14	TRUE						7296:C>T	7296:C
MN908947.3	733	T	C	83389	280	36	134.0	0	35	0.00160379	83552.0	0.000318941	TRUE						733:T>C	733:T
MN908947.3	835	C	A	109809	85212	35	196.0	194	36	0.00177223	110595.0	3.91127e-07	TRUE						835:C>A	835:C
MN908947.3	835	C	T	109809	85212	35	466.0	448	36	0.00421357	110595.0	9.58968e-54	TRUE						835:C>T	835:C
MN908947.3	8393	G	A	55096	29317	65	54.0	31	68	0.000979024	55157.0	5.46345e-17	TRUE						8393:G>A	8393:G
MN908947.3	913	C	T	45137	22706	33	79.0	28	35	0.00174644	45235.0	0.00142315	TRUE						913:C>T	913:C
MN908947.3	9424	A	G	156517	156264	35	261.0	261	35	0.00166417	156835.0	1.47925e-07	TRUE						9424:A>G	9424:A
MN908947.3	9866	C	T	48062	24266	69	128.0	61	69	0.00265345	48239.0	2.5338999999999998e-39	TRUE						9866:C>T	9866:C
MN908947.3	9867	T	C	48086	24296	69	97.0	50	69	0.00201195	48212.0	5.82814e-30	TRUE						9867:T>C	9867:T
MN908947.3	9891	C	T	48174	24736	68	61.0	30	70	0.00126454	48239.0	4.24183e-19	TRUE						9891:C>T	9891:C
