	summarized	lineages	abundances	resid	coverage
V350082740_L14_34-34_variants.tsv	[('Lambda', 0.9686166486360066)]	C.37	0.96861665	14.115050981251851	100.0
V350082740_L14_47-47_variants.tsv	[('Lambda', 0.9656098359961156)]	C.37	0.96560984	15.597701482453779	99.9933117078554
V350082740_L14_23-23_variants.tsv	[('Other', 0.82894477171896)]	N.3 B.1.177 B.1.177.72 B.1.8 B.1.187 B.1.274 N.4 B.1.195 B.1.1.185 B.1.177.17 B.1.177.2 B.1.1.172 B.1.478 D.2 B.1.178 B.1.70 B.1.1.109 B.1.539 B.1.420 B.1.1.217 N.7 B.1.177.77 B.1.1.187 B.1.201 B.1.199 B.1.76 B.1.1.416 B.1.1.361 B.1.1.296 B.1.214 B.1.177.75 B.1.1.344 B.1.97 B.1.211 B.1.210 B.1.639 B.58 B.1.1.437 B.1.1.205 B.1.483 B.1.179 B.1.1.111 N.5 B.1.585 B.1.1.507 B.1.1.98 B.1.177.32 B.1.137 AA.8 B.1.1.120 B.3 B.1.215 B.1.128 B.1.67 B.1.1.363 B.1.1.338 B.1.609 B.1.106 B.1.564.1 B.1.93 B.1.1.3 B.1.117 B.1.277 B.1.531 B.1.69 B.1.1.29 B.1.1.500	0.64585735 0.08871448 0.00438254 0.00265715 0.00259184 0.00256269 0.00248554 0.00234939 0.00234423 0.00214999 0.00209904 0.00197659 0.00192751 0.00185910 0.00162293 0.00161171 0.00157047 0.00153312 0.00151855 0.00146449 0.00146240 0.00144753 0.00143687 0.00140325 0.00139653 0.00138881 0.00137257 0.00136002 0.00134158 0.00133816 0.00133270 0.00129185 0.00128533 0.00127698 0.00126060 0.00126030 0.00119558 0.00119243 0.00118429 0.00116574 0.00116111 0.00115961 0.00114994 0.00114389 0.00113835 0.00113723 0.00111437 0.00111228 0.00110311 0.00110117 0.00109366 0.00109156 0.00108760 0.00108656 0.00108015 0.00107401 0.00107376 0.00106896 0.00106547 0.00106197 0.00104057 0.00103279 0.00102336 0.00102323 0.00102097 0.00101596 0.00101089	13.944865402513456	100.0
V350082740_L14_09-09_variants.tsv	[('Other', 0.9061354758511194)]	N.4 B.1.478 B.1.13 B.1.274 B.1.1.165	0.88334277 0.01400980 0.00596459 0.00181609 0.00100223	12.026954285590689	100.0
V350082740_L14_60-60_variants.tsv	[('BA.2* [Omicron (BA.2.X)]', 0.9368564551617654), ('Omicron', 0.0032844340098386006), ('Other', 0.00112244999989027)]	BA.2.56 BA.2.23 BA.2 BA.2.68 BA.2.52 BA.2.9.1 BA.2.11 BA.2.29 BA.2.31 BA.2.21 BA.2.40 BA.2.53 BA.2.71 BA.2.59 BA.2.9.5 BA.2.57 BA.2.13.1 BA.2.5 BA.2.2.1 BA.2.27 BA.2.8 BA.2.7 BA.2.33 BA.2.50 BA.2.46 BA.2.60 BA.2.63 BA.2.25 BA.2.55 BA.2.45 BA.2.34 XAA BA.2.43 BA.2.18 BA.2.62 BA.2.79 BA.2.1 BA.2.54 BA.2.44 BA.2.41 BA.2.72 XL BA.2.10.1 BG.1 BA.2.28	0.42082660 0.22920385 0.22413516 0.00502926 0.00309598 0.00266448 0.00236328 0.00217211 0.00216863 0.00209317 0.00206650 0.00205496 0.00193798 0.00193132 0.00180483 0.00173536 0.00159129 0.00157668 0.00155080 0.00142717 0.00139208 0.00137553 0.00137264 0.00137067 0.00136049 0.00130653 0.00128318 0.00127283 0.00125520 0.00124072 0.00122658 0.00121434 0.00120445 0.00117013 0.00113250 0.00112245 0.00112195 0.00109359 0.00107010 0.00106740 0.00105986 0.00103983 0.00103251 0.00103026 0.00101810	20.636678309364996	100.0
V350082740_L14_35-35_variants.tsv	[('Lambda', 0.9700235879098579)]	C.37	0.97002359	14.302190543367873	100.0
V350082740_L14_40-40_variants.tsv	[('Gamma', 0.9011300657457212), ('Other', 0.012930293980716798)]	P.1.1 P.1 P.1.12 B.1.478 P.1.14 P.1.13 P.1.15 B.1.187 P.1.9 P.1.10 B.1.1.109	0.70400018 0.16815650 0.01668907 0.01008650 0.00376326 0.00333226 0.00269978 0.00181093 0.00124947 0.00123954 0.00103286	17.39583751512656	99.95652610106009
V350082740_L14_80-80_variants.tsv	[('BA.2* [Omicron (BA.2.X)]', 0.9329021154036193), ('Omicron', 0.007702975798800374)]	BA.2.12.1 BA.2.23 BA.2.68 BA.2.12 XQ BA.2.67 BG.3 BA.2.57 BA.2.66 BG.1 BA.2.29 BA.2.9.1 BA.2.21 XY BA.2.2.1 BA.2.27	0.72440911 0.16477370 0.01828810 0.01191200 0.00253062 0.00220257 0.00204942 0.00203886 0.00193455 0.00189742 0.00185244 0.00175338 0.00147335 0.00122552 0.00122348 0.00104058	18.727534677024366	100.0
V350082740_L14_55-55_variants.tsv	[('BA.2* [Omicron (BA.2.X)]', 0.9372527785275593)]	BA.2.56 BA.2 BA.2.23 BA.2.68 BA.2.31 BA.2.61 BA.2.9.1 BA.2.11 BA.2.52 BA.2.9.5 BA.2.59 BA.2.71 BA.2.29 BA.2.57 BA.2.21 BA.2.32 BA.2.13.1 BA.2.53 BA.2.2.1 BA.2.34 BA.2.10.1 BA.2.55 BA.2.66 BA.2.8 BA.2.27 BA.2.5 BA.2.63 BA.2.43 BA.2.33 BA.2.40 BA.2.62	0.39668923 0.28172122 0.20762516 0.00975332 0.00369666 0.00236433 0.00236279 0.00204765 0.00199908 0.00199280 0.00177576 0.00177513 0.00168914 0.00154605 0.00146235 0.00137975 0.00135570 0.00132853 0.00128937 0.00126822 0.00120656 0.00120638 0.00120518 0.00116308 0.00115554 0.00107829 0.00105391 0.00103459 0.00102097 0.00100604 0.00100000	19.93688820162985	100.0
V350082740_L14_45-45_variants.tsv	[('Gamma', 0.884605925237956), ('Other', 0.028045766828760334)]	P.1.1 P.1 P.1.12 B.1.478 B.1.177.20 B.1.177.72 P.1.15 B.1.177.17 B.1.177.2 P.1.14 B.1.187 P.1.13 P.1.16 B.58 B.1.70	0.70030391 0.16133138 0.01558520 0.00824764 0.00654499 0.00557692 0.00265252 0.00177665 0.00177191 0.00170721 0.00170285 0.00165170 0.00137401 0.00125853 0.00116628	17.987660702280316	99.9899675617831
V350082740_L14_95-95_variants.tsv	[('Omicron', 0.9574072260984159)]	BA.1.1.15 BA.1.1.16 B.1.1.529 BA.1.20 BA.1 BA.1.1.14 BA.1.15.1 BA.1.3 BA.1.16.2 BA.1.1.11 BA.1.10 BA.1.1.12 BA.1.5	0.57188125 0.19071749 0.12898069 0.02911844 0.02587758 0.00156907 0.00156025 0.00152398 0.00134915 0.00133555 0.00127656 0.00113629 0.00108092	16.726849965084917	100.0
V350082740_L14_66-66_variants.tsv	[('BA.2* [Omicron (BA.2.X)]', 0.9327667523859198), ('Lambda', 0.0021575259789453384), ('Omicron', 0.0011636461994830722)]	BA.2.56 BA.2.23 BA.2 BA.2.68 BA.2.31 BA.2.9.1 BA.2.52 BA.2.29 BA.2.11 BA.2.9.5 C.37 BA.2.71 BA.2.13.1 BA.2.59 BA.2.21 BA.2.27 BA.2.8 BA.2.43 BA.2.62 BA.2.2.1 BA.2.53 BA.2.7 BA.2.25.1 BA.2.60 BA.2.34 BA.2.46 BA.2.40 BA.2.5 BA.2.72 BA.2.57 BG.1 BA.2.42 BA.2.33 BA.2.45 BA.2.10.1 BA.2.41 BA.2.54 BA.2.3.7 BA.2.50 BA.2.1	0.37913907 0.25748796 0.24080452 0.00303270 0.00286284 0.00278115 0.00252071 0.00237080 0.00229099 0.00228655 0.00215753 0.00209189 0.00201127 0.00189797 0.00170227 0.00161896 0.00160637 0.00153569 0.00146757 0.00135649 0.00135202 0.00133721 0.00131809 0.00127238 0.00127076 0.00123211 0.00122806 0.00120444 0.00118383 0.00117555 0.00116365 0.00112773 0.00106008 0.00104942 0.00104640 0.00102003 0.00101374 0.00100352 0.00100330 0.00100231	18.772542089816895	100.0
V350082740_L14_36-36_variants.tsv	[('Alpha', 0.9478468426085723), ('Other', 0.0011168600096529916)]	Q.1 B.1.1.7 Q.4 Q.7 Q.2 AP.1	0.84023903 0.10182088 0.00332699 0.00127294 0.00118700 0.00111686	17.01072572833357	100.0
V350082740_L14_62-62_variants.tsv	[('BA.2* [Omicron (BA.2.X)]', 0.8875036843764363), ('Omicron', 0.014725612684869303), ('Lambda', 0.012629330999471859), ('Other', 0.0010751100057992725)]	BA.2.12.1 BA.2.23 BA.2.57 C.37 BG.1 BA.2.68 XQ BG.3 BA.2.67 BA.2.9.1 BA.2.31 BA.2.9.3 BA.2.9.5 BA.2.29 BA.2.2.1 BA.2.27 BA.2.21 BA.2.5 XAA BA.2.10.3 BA.2.1 BA.2.8 BG.4 BA.2.79 BA.2.64 XL BA.2.53	0.64905681 0.17580835 0.03400842 0.01262933 0.00596898 0.00355388 0.00274330 0.00270241 0.00265161 0.00248826 0.00247831 0.00198974 0.00184735 0.00177928 0.00174185 0.00165436 0.00161663 0.00131622 0.00121897 0.00119761 0.00114055 0.00113175 0.00108263 0.00107511 0.00104129 0.00100932 0.00100142	18.73539837864852	100.0
V350082740_L14_77-77_variants.tsv	[('Other', 0.7437212426094065), ('Gamma', 0.04551381490929979), ('BA.2* [Omicron (BA.2.X)]', 0.031120506764335167), ('Omicron', 0.027475480911755886), ('Delta', 0.001233679998975215)]	B.1.1 B.1.1.132 D.2 B.1.177 BA.2.23 B.1.1.28 B.1.1.45 BA.3 P.1.12 B.1.1.368 B.1.1.33 B.1.177.83 P.1 P.1.15 XZ B.1.177.20 B.1.1.12 B.1.1.58 B.1.1.359 B.1.177.17 B.1.1.37 B.1.1.297 B.1.1.197 B.1.1.160 B.1.1.117 B.1.177.72 B.1.1.14 B.1.1.463 P.1.10 B.1.1.172 B.1.1.185 B.1.1.166 B.1.1.92 B.1.1.83 B.1.76 B.1.1.130 B.1.1.95 B.1.1.169 B.1.1.187 P.1.14 B.1.1.249 B.1.1.408 B.1.1.380 B.1.1.216 B.1.1.203 B.1.1.180 B.1.1.438 B.1.1.39 XQ B.1.1.213 B.1.187 B.1.97 B.1.1.217 B.1.195 B.1.1.5 B.1.1.301 B.1.1.177 B.1.1.55 B.1.1.487 B.1.173 B.1.1.186 B.1.1.371 B.1.1.344 B.1.1.255 B.1.8 B.1.1.270 W.3 B.1.1.392 B.1.1.135 B.1.1.109 P.1.9 B.1.201 B.1.1.268 B.1.1.4 B.1.1.115 N.7 B.1.1.175 B.1.1.363 B.1.1.461 M.3 B.1.532 B.1.1.98 BA.2.10.1 B.1.1.205 P.1.7.1 B.1.1.51 B.1.1.192 BA.2.9.1 B.1.1.123 B.1.1.398 B.1.1.379 XY B.1.1.361 B.1.1.339 BA.2.2.1 B.1.1.86 B.1.1.3 P.1.13 B.1.1.136 B.1.1.118 B.1.1.137 P.1.16 B.1.1.305 B.1.1.29 B.1.1.320 B.1.1.338 B.1.1.154 B.1.1.251 B.1.1.221 B.1.1.253 B.1.1.204 AM.3 B.1.1.93 B.1.1.524 B.1.1.388 B.1.70 B.1.1.434 B.1.1.120 B.1.1.48 B.1.1.139 B.1.1.312 B.1.1.218 BA.2.3.8 B.1.1.147 B.1.444 B.1.531 P.1.1 B.1.1.111 B.1.199 B.1.1.121 B.1.1.437 B.1.1.517 proposed590 B.1.1.207 B.1.1.209 B.1.1.59 AY.3.3 B.1.1.176 BA.2.61 B.1.1.229 B.1.1.224 B.58 XAA B.1.177.10 V.2 B.1.1.413 B.1.1.500 P.1.11 B.1.177.43 B.1.579 B.1.1.258 B.1.177.32 B.1.1.71 P.1.17 B.1.1.507 B.1.1.208 B.1.474 B.1.177.75 B.1.1.288 B.1.1.315 B.1.127 B.1.137 B.1.188 B.1.1.296 BA.2.28 B.1.134 N.10 B.1.1.67 B.1.1.145 B.1.564.1 B.1.77 B.1.1.519 B.1.177.25 B.1.1.416 B.1.106 B.1.1.40 B.1.550 B.1.375 B.1.600 B.1.1.17 B.1.585 B.1.1.261 B.1.1.428 B.1.1.381 B.1.1.382 BG.1 B.1.1.44 B.1.1.190 B.1.177.59 P.7 B.1.205 B.1.549 B.1.177.69 B.1.1.286 B.1.1.327 B.1.629 B.1.243.2 B.1.1.144 B.1.1.480 B.1.234 B.1.1.464 B.1.1.378	0.14434310 0.09313446 0.09028603 0.04696507 0.02261285 0.02084086 0.01873866 0.01620156 0.01479417 0.01465970 0.01326864 0.01180730 0.00867135 0.00580552 0.00509620 0.00472287 0.00428435 0.00407604 0.00381018 0.00378830 0.00351348 0.00351001 0.00342195 0.00342034 0.00337757 0.00335659 0.00332396 0.00328992 0.00326740 0.00317698 0.00309854 0.00303791 0.00301779 0.00294811 0.00294252 0.00293414 0.00293390 0.00292941 0.00291366 0.00285507 0.00284351 0.00281613 0.00280388 0.00280109 0.00273904 0.00257732 0.00251554 0.00247038 0.00235526 0.00235186 0.00232215 0.00219876 0.00219724 0.00219216 0.00214466 0.00208805 0.00208776 0.00201517 0.00195814 0.00195569 0.00195269 0.00193396 0.00192114 0.00192101 0.00191571 0.00188518 0.00187797 0.00187333 0.00184927 0.00181324 0.00178685 0.00177983 0.00175523 0.00175346 0.00174974 0.00173246 0.00172606 0.00172099 0.00170086 0.00167499 0.00166716 0.00166528 0.00165707 0.00165645 0.00164733 0.00164127 0.00163730 0.00163205 0.00162018 0.00158432 0.00156586 0.00155867 0.00155693 0.00155283 0.00154088 0.00154062 0.00153901 0.00151919 0.00150550 0.00150215 0.00148954 0.00148738 0.00148576 0.00147929 0.00147623 0.00147077 0.00146787 0.00139681 0.00139470 0.00138122 0.00136653 0.00136280 0.00135922 0.00135495 0.00135177 0.00134771 0.00134671 0.00134313 0.00134165 0.00134104 0.00133205 0.00131640 0.00131293 0.00131025 0.00130903 0.00130366 0.00129967 0.00128436 0.00127864 0.00127592 0.00126890 0.00126842 0.00126582 0.00126524 0.00125418 0.00123400 0.00123368 0.00122671 0.00122382 0.00122305 0.00122166 0.00121797 0.00121666 0.00121601 0.00121433 0.00120700 0.00120463 0.00120204 0.00119873 0.00119800 0.00119360 0.00119335 0.00117959 0.00117785 0.00117730 0.00117421 0.00117350 0.00116980 0.00116894 0.00116442 0.00116439 0.00115903 0.00115558 0.00114855 0.00114090 0.00114014 0.00113982 0.00113731 0.00111719 0.00111043 0.00110108 0.00109649 0.00109469 0.00108401 0.00108366 0.00107937 0.00107274 0.00106594 0.00106262 0.00106061 0.00105915 0.00105592 0.00105276 0.00105036 0.00105000 0.00104712 0.00104561 0.00104002 0.00103684 0.00103196 0.00103144 0.00102977 0.00102920 0.00102881 0.00102516 0.00102513 0.00102350 0.00102314 0.00101695 0.00101215 0.00100647 0.00100301	13.7819228082856	99.9799351235662
V350082740_L14_18-18_variants.tsv	[('Other', 0.867871496409637)]	C.26 B.1.1.1 N.6 B.1.177 B.1.195 B.1.177.17 C.13 B.1.177.72 B.1.187 B.1.177.43 D.2 N.7 N.4 B.1.76 AA.8 B.1.1.86 B.1.134 B.1.177.25 B.1.1.217 B.1.177.75 B.1.97 B.1.1.361 B.1.478 B.1.70 B.1.177.10 B.1.483 B.1.177.77 N.5 B.1.199 B.1.201 B.1.1.255 V.2 B.1.23 B.1.1.98 B.1.1.251 N.1 W.2 B.1.1.120 B.1.1.339 AP.1 N.2 B.1.1.123 B.1.1.408 B.1.1.437 B.1.277 B.1.444 B.1.1.29 B.1.629 B.1.177.32 B.1.1.44 B.1.585 B.1.1.356 B.1.1.388 B.1.1.138 B.1.524 B.1.1.420 B.1.77 B.1.1.109 B.1.203 B.1.393 AM.3 Z.1 B.1.423	0.52539692 0.20292231 0.03343343 0.01591798 0.00427979 0.00382710 0.00298081 0.00280971 0.00251093 0.00243450 0.00222599 0.00195561 0.00193843 0.00192095 0.00185081 0.00175475 0.00169551 0.00168741 0.00160883 0.00159589 0.00158744 0.00158635 0.00156430 0.00153257 0.00153025 0.00148179 0.00146650 0.00142857 0.00140054 0.00139049 0.00132704 0.00130184 0.00129998 0.00128768 0.00127540 0.00123910 0.00123683 0.00123371 0.00119781 0.00119711 0.00118835 0.00118812 0.00118333 0.00117037 0.00114725 0.00114449 0.00114430 0.00114420 0.00113943 0.00113436 0.00112661 0.00111678 0.00111594 0.00110572 0.00109120 0.00109119 0.00106774 0.00106219 0.00105992 0.00105650 0.00104621 0.00102810 0.00100621	12.301698729323324	100.0
V350082740_L14_81-81_variants.tsv	[('BA.2* [Omicron (BA.2.X)]', 0.9296585687252326), ('Omicron', 0.010155730951516397)]	BA.2.57 BA.2.23 BA.2.68 B.1.1.529 BA.2.31 XQ BA.2.9.1 BA.2.67 BA.2.66 BA.2.29 BA.2.21 BA.2.27 BA.2.32 XU BA.2.2.1 BA.2.8 BA.2.1 BA.2.53	0.70600219 0.18976708 0.01437140 0.00624420 0.00383941 0.00283938 0.00225906 0.00223342 0.00182956 0.00150730 0.00136748 0.00125512 0.00112034 0.00107215 0.00107144 0.00101749 0.00101231 0.00100497	18.9421938592382	100.0
V350082740_L14_94-94_variants.tsv	[('BA.2* [Omicron (BA.2.X)]', 0.9287256539034183), ('Omicron', 0.00885557300165761)]	BA.2.56 BA.2 BA.2.23 BA.2.68 B.1.1.529 BA.2.31 BA.2.9.5 BA.2.9.1 BA.2.11 BA.2.40 BA.2.66 BA.2.29 BA.2.52 BA.2.71 BA.2.2.1 BA.2.5 BA.2.8 BA.2.32 BA.2.13.1 BA.2.61 BA.2.55 BA.2.34 BA.2.53 BA.2.33 BA.2.72	0.55521561 0.20921904 0.11008351 0.02181780 0.00885557 0.00436975 0.00263278 0.00214314 0.00197345 0.00183486 0.00179435 0.00155831 0.00155504 0.00152053 0.00144631 0.00133654 0.00131010 0.00127493 0.00124168 0.00119892 0.00111847 0.00104891 0.00101755 0.00100951 0.00100457	16.06468896591873	100.0
V350082740_L14_11-11_variants.tsv	[('Other', 0.8758381236474476)]	C.26 B.1.1.1 B.1.177 B.1.177.72 B.1.478 B.1.274 B.1.195 B.1.177.2 B.1.8 B.1.177.17 C.13 B.1.187 B.1.201 B.1.177.75 B.1.76 D.2 B.1.97 B.1.177.77 B.1.1.98 B.1.67 B.1.199 B.1.483 B.1.177.32 B.1.393	0.51381944 0.26670725 0.06028394 0.00414361 0.00348575 0.00221019 0.00216873 0.00212658 0.00207237 0.00196146 0.00191124 0.00156420 0.00142939 0.00122818 0.00120573 0.00112324 0.00111091 0.00109453 0.00106524 0.00104040 0.00103119 0.00102290 0.00101801 0.00101364	10.219746123532826	100.0
V350082740_L14_87-87_variants.tsv	[('BA.2* [Omicron (BA.2.X)]', 0.8227469441812647), ('Lambda', 0.03543716619087999), ('Omicron', 0.029090265798963264), ('Other', 0.014600507475821364)]	BA.2.3.9 BA.2.3.15 BA.2.23 BA.2.12.1 C.37 BA.2.12 BG.1 XQ BG.3 BA.2.3.12 B.1.1.529 BA.2.68 BA.2.3.14 BA.2.9.1 BA.2.3.17 BA.2.3.16 BA.2.3.18 BA.2.3.8 W.2 BA.2.21 BA.2.62 BA.2.57 XAA BA.2.2.1 BG.4 BA.2.3.4 BA.2.66 B.1.69 N.7 BA.2.8 B.1.177.25 AP.1 BA.2.50 BA.2.12.2 BA.2.3.7 BA.2.28 BA.2.10.1 BA.2.3.11 B.1.128 BG.2 B.1.524 BA.2.3.5 BA.2.33 B.1.203 B.1.400.1 B.1.423 BA.2.80 XL BA.2.3.6 BA.2.74 BA.2.60 B.1.1.147 BA.2.26 B.1.1.437 BA.2.41	0.47932037 0.19673800 0.04907057 0.03593567 0.03543717 0.01765530 0.01485377 0.00310667 0.00300125 0.00286235 0.00283060 0.00280894 0.00231316 0.00226583 0.00206107 0.00181215 0.00176875 0.00171309 0.00167762 0.00167360 0.00159036 0.00158513 0.00155860 0.00148706 0.00146693 0.00145875 0.00137885 0.00134419 0.00134322 0.00127785 0.00127383 0.00127044 0.00125897 0.00124623 0.00124389 0.00122979 0.00121572 0.00121549 0.00119725 0.00118795 0.00116821 0.00114182 0.00112507 0.00110999 0.00110375 0.00109455 0.00108956 0.00108450 0.00107685 0.00106644 0.00105963 0.00101694 0.00100053 0.00100052 0.00100010	21.564060278408817	100.0
V350082740_L14_52-52_variants.tsv	[('BA.2* [Omicron (BA.2.X)]', 0.9294561222223902), ('Omicron', 0.01611786954715226)]	BA.2.12.1 BA.2.23 BA.2.68 B.1.1.529 BA.2.57 XQ BA.2.31 BA.2.9.1 BG.3 BA.2.67 BA.2.29 BA.2.66 BA.2.32 BA.2.21 BA.2.27 BA.2.5 BA.2.2.1 BG.1	0.75430078 0.13894718 0.01528820 0.01021296 0.00562984 0.00274305 0.00235208 0.00212240 0.00211869 0.00182095 0.00167634 0.00165660 0.00117564 0.00117386 0.00113741 0.00110196 0.00107288 0.00104316	19.82458295023664	100.0
V350082740_L14_65-65_variants.tsv	[('Omicron', 0.9542731056503219), ('Other', 0.0022173197010305224)]	BA.1.1.15 BA.1.1.16 B.1.1.529 BA.1 BA.1.20 BA.1.3 BA.1.16.2 BA.1.1.14 BA.1.17.2 BA.1.5 BA.1.10 BA.1.17.1 BA.1.15.1 BA.1.1.10 BA.1.1.17 BA.1.14.2 BA.1.1.3 proposed441 BA.1.1.11 BA.1.1.4 BA.1.1.18 BA.1.8 BA.1.1.6 BA.1.1.5 proposed446	0.52158117 0.16785687 0.16371011 0.04105985 0.03390733 0.00289384 0.00198593 0.00193910 0.00167263 0.00164903 0.00157729 0.00144613 0.00130919 0.00127774 0.00126891 0.00122896 0.00117658 0.00117119 0.00116299 0.00116104 0.00114405 0.00113877 0.00107153 0.00105406 0.00104613	17.837107027590204	100.0
V350082740_L14_88-88_variants.tsv	[('Omicron', 0.4744369135506114), ('BA.2* [Omicron (BA.2.X)]', 0.15294969147261447), ('BA.5* [Omicron (BA.5.X)]', 0.11869562434912402), ('Other', 0.07737547257486094), ('Gamma', 0.03312037878212141), ('Lambda', 0.020070816999431085), ('Theta', 0.0010234239960394392), ('BA.2.75* [Omicron (BA.2.75.X)]', 0.0010145399997722887)]	BG.1 BA.5 BA.2.23 B.1.1.529 C.37 P.1.12 P.1.7 BA.4.1 B.1.177.72 XQ BA.2.9.1 BA.4.1.3 BG.3 BA.2.68 BA.2.58 BA.2.29 BA.2.67 AA.8 BA.2.21 BA.2.9.5 B.1.177.43 B.1.177.17 B.1.187 N.7 BA.4.1.5 B.1.1.109 BA.4.1.1 BA.2.2.1 BA.2.8 BA.2.42 BA.5.1_no27438 B.1.177.77 proposed771 BG.4 B.1.1.361 B.1.478 W.2 B.1.177.10 B.1.70 BA.4.3 XL B.1.77 B.1.177.32 B.1.23 C.2 P.1.7.1 B.1.188 B.1.1.207 B.1.524 XY B.1.97 BA.2.10.1 B.1.177.87 BA.5.6.1 BA.5.2.5 B.1.177.75 B.1.1.338 BA.2.50 U.3 V.2 B.1.1.224 B.1.1.437 B.1.415.1 BA.2.66 B.1.137 AH.1 B.1.1.519 B.1.1.217 N.2 BA.2.41 B.1.629 BA.2.57 B.1.600 B.1.177.25 B.1.603 P.1.16 BA.2.72 B.1.1.251 BA.2.74 B.1.444 BA.2.37 BA.2.28 AM.3 BA.2.77 B.1.384 B.1.404 B.1.640.2 C.2.1 BA.2.26 N.10 B.1.106 BA.2.62 B.1.1.176 B.1.549 B.1.531 BA.5.1.7 P.3 BA.2.75	0.36964676 0.11497356 0.11291424 0.07253417 0.02007082 0.01558027 0.01491598 0.01092993 0.00539788 0.00404798 0.00393532 0.00389455 0.00341425 0.00309572 0.00307374 0.00272219 0.00271650 0.00260304 0.00259410 0.00255247 0.00251792 0.00221409 0.00206247 0.00196208 0.00196119 0.00194952 0.00193424 0.00177101 0.00175147 0.00171231 0.00170261 0.00163379 0.00163145 0.00162234 0.00161925 0.00155157 0.00154698 0.00154261 0.00153872 0.00152125 0.00150479 0.00149366 0.00148774 0.00147733 0.00147425 0.00147132 0.00146810 0.00145460 0.00144034 0.00142547 0.00142433 0.00142156 0.00138979 0.00134642 0.00134473 0.00133841 0.00131531 0.00131432 0.00129032 0.00128780 0.00126977 0.00126097 0.00124934 0.00124763 0.00123331 0.00121903 0.00120861 0.00120350 0.00120012 0.00119323 0.00118777 0.00118455 0.00117691 0.00117240 0.00116290 0.00115282 0.00114995 0.00114947 0.00113168 0.00113162 0.00112132 0.00111952 0.00110715 0.00110558 0.00109934 0.00109796 0.00108199 0.00107677 0.00106810 0.00106795 0.00105832 0.00105319 0.00105085 0.00105005 0.00104341 0.00103092 0.00102342 0.00101454	21.944534800054363	100.0
V350082740_L14_79-79_variants.tsv	[('BA.2* [Omicron (BA.2.X)]', 0.588915539244996), ('Other', 0.2576460373343819), ('Omicron', 0.05065257829021669), ('Lambda', 0.020772578000226066), ('BA.5* [Omicron (BA.5.X)]', 0.0029240689998727963), ('BA.2.75* [Omicron (BA.2.75.X)]', 0.0010762400000971254)]	BA.2.9 miscBA1BA2Pre4321 XZ BA.2.23 C.37 XAD BA.2.31 BA.2.68 BA.2 BA.2.52 BA.2.2.1 BA.2.9.1 BA.2.11 BA.2.9.5 BA.2.57 BA.2.71 BA.2.29 BA.2.8 B.1.1.529 BA.2.40 BA.2.33 BA.2.21 BA.5.6.1 BA.2.47 BG.1 BA.2.60 BA.2.13.1 BA.2.72 BA.2.66 BA.2.24 BA.2.1 BA.2.27 B.1.203 BA.2.28 BA.2.16 BA.2.25.1 BA.2.5 BA.2.63 BA.2.62 BA.2.50 BA.2.53 BA.2.45 BA.2.3.7 BA.2.59 BA.2.54 BA.2.34 BA.2.41 AP.1 BA.2.10.1 BA.2.46 BA.2.44 BA.2.18 B.1.1.353 BG.3 Z.1 B.1.524 BA.2.3.12 BA.5.2.5 BA.2.10 B.1.1.338 BA.2.51 BA.2.26 XL BA.2.3.8 BA.2.75 BA.2.9.4 BA.2.37 BA.2.64 BA.2.22 V.2 BA.2.80 BA.2.12.2 BA.2.61 AH.1 BA.2.36 BA.2.19 B.1.243.2	0.46860791 0.24719688 0.04041373 0.02876424 0.02077258 0.00440854 0.00437990 0.00384197 0.00316471 0.00315320 0.00293730 0.00277871 0.00276912 0.00259551 0.00256000 0.00241155 0.00239090 0.00194774 0.00191064 0.00189251 0.00182257 0.00180275 0.00179563 0.00171875 0.00165171 0.00164252 0.00160239 0.00158537 0.00153917 0.00148449 0.00147047 0.00145298 0.00143945 0.00141239 0.00137771 0.00137705 0.00135628 0.00135172 0.00134712 0.00133233 0.00132358 0.00132183 0.00131340 0.00130088 0.00129773 0.00128139 0.00126904 0.00125502 0.00125453 0.00125188 0.00123321 0.00121277 0.00119439 0.00118237 0.00117842 0.00117295 0.00116448 0.00112844 0.00111946 0.00111781 0.00111007 0.00110420 0.00108559 0.00108065 0.00107624 0.00107200 0.00106804 0.00106508 0.00106151 0.00106049 0.00104489 0.00103712 0.00103568 0.00102906 0.00101287 0.00100793 0.00100156	20.127671512342786	100.0
V350082740_L14_41-41_variants.tsv	[('Lambda', 0.9562838650331141), ('Other', 0.008651690919188519)]	C.37 B.1.478 B.1.273	0.95628387 0.00760784 0.00104385	13.62391429797789	100.0
V350082740_L14_25-25_variants.tsv	[('Gamma', 0.8805164530704616), ('Other', 0.017158181710830892)]	P.1.15 P.1.12 B.1.177.72 P.1.14 B.1.177.20 B.1.177.17 B.1.478 B.1.187 B.1.177.75 P.1.16 P.1.10 P.1.2 B.1.531 B.1.1.361 B.1.177.33	0.85395647 0.02044521 0.00385990 0.00272515 0.00235587 0.00234054 0.00215312 0.00198746 0.00129819 0.00117638 0.00113375 0.00107949 0.00105709 0.00105593 0.00105008	16.432521344674562	100.0
V350082740_L14_49-49_variants.tsv	[('BA.2* [Omicron (BA.2.X)]', 0.7486775001428586), ('Other', 0.18822131432280897), ('Omicron', 0.007057861098386596)]	BA.2.9 miscBA1BA2Pre4321 XAG BA.2.9.1 BA.2.9.5 BA.2.9.3 BA.2.52 XV XY BA.2.10.1 BA.2.34 BA.2.2.1 XAA proposed467 BA.2.8 BA.2.28	0.73543907 0.18720795 0.00333970 0.00246866 0.00187970 0.00185667 0.00162483 0.00144016 0.00126462 0.00118064 0.00117700 0.00103581 0.00101338 0.00101336 0.00100959 0.00100553	18.405475007481517	100.0
V350082740_L14_68-68_variants.tsv	[('Other', 0.30634744066375075), ('Gamma', 0.29115068852361103), ('BA.2* [Omicron (BA.2.X)]', 0.12851628861055714), ('Omicron', 0.10788454306675625), ('Lambda', 0.041082821000728825)]	N.6 P.1.1 BA.2.23 P.1 P.1.7 B.1.177 BG.1 C.37 BA.3 P.1.12 miscBA1BA2Pre10k miscBA1BA2Pre4321 B.1.177.17 B.1.177.32 BA.2.31 BG.3 P.1.10 BA.2.57 XZ BA.2.52 BA.2.9.1 BA.3.1 XH XQ BA.2.29 BA.2.9.5 BA.2.67 P.1.14 B.1.254 BA.2.36 B.1.177.72 B.1.187 BA.2.34 P.1.7.1 B.1.97 P.1.15 BA.2.9.3 P.1.9 BA.2.71 BA.2.24 XAA BA.2.21 BA.2.27 BA.2.68 B.1.564.1 N.7 AA.8 XV B.1.177.33 B.1.177.75 B.1.126 P.1.17 BG.4 B.1.1.361 XE BA.2.53 BA.2.42 P.1.11 AP.1 BA.2.1 BA.2.66 BA.2.2.1 B.1.70 BA.2.10.3 BA.2.70 BA.2.10.1 B.1.177.25 BA.2.73 BA.2.13.1 B.1.1.437 B.1.524 B.1.423 B.1.106 B.1.1.315 B.1.444 P.1.16 BA.2.12.2 B.1.1.251 XY V.2 C.2.1 XR B.1.1.224 B.1.177.43 BA.2.63 B.1.188 BA.2.2 BA.2.28 B.1.478 B.1.127 B.1.203 B.1.550 BA.2.8 B.1.1.396	0.16765597 0.13474466 0.07167679 0.06495850 0.05339728 0.05255781 0.05137985 0.04108282 0.03102049 0.02181033 0.02017916 0.01170017 0.00677348 0.00463850 0.00411546 0.00409870 0.00387996 0.00384205 0.00335630 0.00323111 0.00321027 0.00314926 0.00311763 0.00310207 0.00305918 0.00270780 0.00265877 0.00243330 0.00236615 0.00225565 0.00208302 0.00205937 0.00202134 0.00195528 0.00194853 0.00194710 0.00190844 0.00190832 0.00184297 0.00181445 0.00179313 0.00176753 0.00175672 0.00173518 0.00167124 0.00165168 0.00164745 0.00163870 0.00163666 0.00160230 0.00156394 0.00153482 0.00151710 0.00149948 0.00149502 0.00147901 0.00143961 0.00143060 0.00143012 0.00139090 0.00137821 0.00136770 0.00135972 0.00134958 0.00131708 0.00131159 0.00130375 0.00127591 0.00125865 0.00123371 0.00122440 0.00122097 0.00122045 0.00117415 0.00117349 0.00115054 0.00113647 0.00111681 0.00111631 0.00111594 0.00111041 0.00109999 0.00109865 0.00109358 0.00108670 0.00106323 0.00105910 0.00105895 0.00105693 0.00104446 0.00103736 0.00103212 0.00100312 0.00100229	17.12111779732989	100.0
V350082740_L14_24-24_variants.tsv	[('Other', 0.9206061198381736)]	N.4 B.1.177 B.1.478 B.1.177.72 B.1.187 B.1.177.17 B.1.177.75 B.1.177.43 B.1.70 B.1.177.77 B.1.1.109	0.86905670 0.01795567 0.01593970 0.00685567 0.00256934 0.00245937 0.00146159 0.00114923 0.00111693 0.00104186 0.00100006	15.520213910611002	100.0
V350082740_L14_69-69_variants.tsv	[('Omicron', 0.9632771920156394), ('Other', 0.0010447299993906008)]	XAE B.1.1.529 AP.1	0.91106945 0.05220774 0.00104473	20.45160649256249	100.0
V350082740_L14_17-17_variants.tsv	[('Other', 0.823708721899143), ('Gamma', 0.05027043017344926)]	N.4 B.1.177 P.1.15 P.1.12 B.1.177.72 B.1.274 B.1.8 B.1.195 B.1.177.17 B.1.76 B.1.187 B.1.70 P.1.16 AA.8 B.1.177.77 B.1.128 B.1.1.361 B.1.201 B.1.177.75 B.1.97 B.58 B.1.1.217 B.1.483 W.2 P.7 B.1.199 N.7 B.1.177.10 B.1.215 B.1.393 B.1.524 B.1.131 B.1.1.437 B.1.478 B.1.1.224 B.1.629 B.1.444 B.1.1.251 B.1.177.32 B.1.375 B.1.188 B.1.600 B.1.234 B.1.1.86 B.1.1.120 B.1.205 B.1.1.163 B.1.277 B.1.423 N.5 B.1.23 N.1 B.1.177.4 B.1.1.176 B.1.177.33 B.1.243.2 AM.3 AH.1 B.1.177.74 AP.1 B.1.106 B.1.1.388 B.1.203	0.65533576 0.08231620 0.03573668 0.01270435 0.00339367 0.00337695 0.00316054 0.00268168 0.00262884 0.00222096 0.00209243 0.00204329 0.00182941 0.00173561 0.00171232 0.00169402 0.00166502 0.00164462 0.00163728 0.00162842 0.00154273 0.00150046 0.00149510 0.00147307 0.00144922 0.00143340 0.00141934 0.00140359 0.00140164 0.00139950 0.00138285 0.00136788 0.00136217 0.00131848 0.00128948 0.00127400 0.00125038 0.00124207 0.00121671 0.00121465 0.00121185 0.00120076 0.00119692 0.00118894 0.00117401 0.00115883 0.00114068 0.00114003 0.00111542 0.00110308 0.00110241 0.00110174 0.00108424 0.00107409 0.00106769 0.00105930 0.00104857 0.00103924 0.00103094 0.00102786 0.00102143 0.00101434 0.00100202	13.787294412479739	100.0
V350082740_L14_93-93_variants.tsv	[('Omicron', 0.906794050687855), ('Other', 0.009779668103421214), ('BA.2* [Omicron (BA.2.X)]', 0.002019090001498514), ('Gamma', 0.0014592499540270337), ('BA.5* [Omicron (BA.5.X)]', 0.0012306640968825673)]	BA.4.1 BA.2.9.1 BA.4.1.3 B.1.97 BA.4.3 BA.4.1.5 P.1.7.1 BA.4.1.1 B.1.444 BA.5.2.5 B.1.564.1 B.1.524 B.1.603 B.1.1.338 B.1.177.25 AP.1	0.90070556 0.00201909 0.00171741 0.00171300 0.00153187 0.00147297 0.00145925 0.00136624 0.00127264 0.00123066 0.00121153 0.00117510 0.00115354 0.00113821 0.00108701 0.00102864	17.588349512438242	100.0
V350082740_L14_13-13_variants.tsv	[('Other', 0.9158257324456809)]	N.4 B.1.177 B.1.478 B.1.177.72 B.1.177.17 B.1.177.2 B.1.70 B.1.187 B.1.177.77	0.86918323 0.02820790 0.00595764 0.00416627 0.00210198 0.00195150 0.00173712 0.00140558 0.00111451	9.783423213859356	100.0
V350082740_L14_84-84_variants.tsv	[('BA.2* [Omicron (BA.2.X)]', 0.9433773167368935), ('Omicron', 0.004759142469262326)]	BA.2.3.9 BA.2.3.15 BA.2.23 XQ BA.2.3.12 BA.2.3.14 B.1.1.529 BA.2.9.1 BA.2.3.17 BA.2.2.1 BA.2.8 BA.2.3.18 BA.2.3.8 BA.2.10.1 BA.2.3.4	0.60857242 0.26503000 0.05526371 0.00286218 0.00248384 0.00198351 0.00189696 0.00165130 0.00155645 0.00139766 0.00114457 0.00114142 0.00111309 0.00103350 0.00100585	19.96569151766062	100.0
V350082740_L14_86-86_variants.tsv	[('BA.2* [Omicron (BA.2.X)]', 0.9395846556645142), ('Omicron', 0.006929867999938178), ('Lambda', 0.0010212159997938174)]	BA.2.12.1 BA.2.23 BA.2.68 BA.2.57 BA.2.31 XQ BA.2.27 BA.2.67 BA.2.66 BG.3 BA.2.29 BA.2.5 BA.2.9.1 BG.1 BA.2.24 BA.2.2.1 BA.2.21 BA.2.64 BA.2.28 BA.2.10.1 BA.2.60 BA.2.3.7 BA.2.32 BA.2.8 C.37	0.76470893 0.11818124 0.01585060 0.01091502 0.00547246 0.00342419 0.00247525 0.00246381 0.00221519 0.00208195 0.00207941 0.00154799 0.00149294 0.00142373 0.00141844 0.00134127 0.00128568 0.00127871 0.00125313 0.00123001 0.00117670 0.00108393 0.00106835 0.00104560 0.00102122	16.886843550143414	99.9699026853493
V350082740_L14_10-10_variants.tsv	[('Other', 0.8153448423598362)]	B.1.1 D.2 B.1.1.132 B.1.177 B.1.1.359 B.1.1.58 B.1.177.72 B.1.478 B.1.1.37 B.1.1.187 B.1.1.160 B.1.195 B.1.1.197 B.1.274 B.1.177.2 B.1.1.185 B.1.1.172 B.1.1.92 B.1.1.95 B.1.1.166 B.1.1.180 B.1.1.12 B.1.1.408 B.1.177.17 B.1.1.33 B.1.1.203 B.1.1.249 B.1.1.463 B.1.1.169 B.1.1.296 B.1.1.380 B.1.1.115 B.1.1.213 B.1.1.71 B.1.1.98 B.1.8 B.1.1.258 B.1.201 B.1.1.43 B.1.1.178 B.1.1.217 B.1.1.111 B.1.187 B.1.1.109 B.1.1.344 B.1.1.5 B.1.1.83 B.1.76 B.1.70 B.1.177.75 B.1.1.312 B.1.1.255 B.1.1.301 B.1.1.192 B.1.1.315 B.1.199 B.1.1.383 B.1.1.123 B.1.1.17 B.1.1.371 B.1.1.349 B.1.1.113 B.1.483 B.1.1.135 B.1.181 B.1.1.165 B.1.1.86 B.1.1.320 B.1.1.3 B.1.1.395 B.1.1.392	0.41873451 0.12031321 0.08232611 0.07701926 0.00546666 0.00507974 0.00319085 0.00311566 0.00292290 0.00291732 0.00283329 0.00275813 0.00274115 0.00265620 0.00244356 0.00240903 0.00228497 0.00220565 0.00212142 0.00208169 0.00207365 0.00204286 0.00201854 0.00199676 0.00185350 0.00184696 0.00183993 0.00178040 0.00175390 0.00170408 0.00169057 0.00166130 0.00163354 0.00160749 0.00156881 0.00153172 0.00140898 0.00139668 0.00139574 0.00139018 0.00136486 0.00130719 0.00130102 0.00126113 0.00122112 0.00121934 0.00121205 0.00120498 0.00119945 0.00118687 0.00117270 0.00117243 0.00116944 0.00113691 0.00112974 0.00112229 0.00111722 0.00111512 0.00111216 0.00111205 0.00110703 0.00110553 0.00108038 0.00107507 0.00107384 0.00106161 0.00105774 0.00104745 0.00103844 0.00102230 0.00102047	10.704727304848753	100.0
V350082740_L14_26-26_variants.tsv	[('Lambda', 0.9600500449991715)]	C.37	0.96005004	17.105767618175438	100.0
V350082740_L14_50-50_variants.tsv	[('BA.2* [Omicron (BA.2.X)]', 0.45570837449712814), ('Other', 0.2968436774776322), ('Lambda', 0.09302683914491171), ('Omicron', 0.02308849124538049), ('BA.5* [Omicron (BA.5.X)]', 0.002153432794220513), ('A', 0.0010474999954803766)]	miscBA2BA1PostSpike BA.2.56 BA.2.23 BA.2 C.37 N.6 BA.3 BA.2.52 XZ BA.2.11 BA.2.9.1 B.1.70 B.1.177.17 B.1.177.72 BA.2.59 BA.2.9.5 BA.2.31 BA.2.29 BA.2.57 BA.2.27 BA.2.71 BA.2.21 BA.2.2.1 B.1.187 BA.2.8 BA.2.13.1 BA.2.46 BA.2.68 BA.2.34 BA.2.33 BA.2.43 B.1.1.109 B.1.177.77 B.1.1.207 BA.2.25.1 N.7 BA.2.24 B.1.97 B.1.177.75 B.1.177.43 BA.2.7 V.2 proposed771 BA.2.66 B.1.524 B.1.1.437 BA.2.44 BA.2.28 B.1.77 BA.2.63 B.1.177.25 BA.2.53 BA.2.3.7 B.1.603 XY B.1.1.217 BA.5.6.1 W.2 B.1.1.529 B.1.1.338 BA.2.5 XL BG.1 BA.2.72 A.3 BA.5.2.5 BG.3 BA.2.80 BA.2.62 BA.2.22 C.2.1 BA.2.18 BA.2.40 AP.1 B.1.444 B.1.564.1	0.22651000 0.15343201 0.12976457 0.11601387 0.09302684 0.03536201 0.01480678 0.00288672 0.00288346 0.00278459 0.00275217 0.00270129 0.00258146 0.00244103 0.00225224 0.00223579 0.00222978 0.00210196 0.00200067 0.00190729 0.00190133 0.00185822 0.00185246 0.00179593 0.00179393 0.00174197 0.00161972 0.00160972 0.00157226 0.00155301 0.00152133 0.00151596 0.00150850 0.00143430 0.00141574 0.00135839 0.00134486 0.00132802 0.00128252 0.00126418 0.00126357 0.00126208 0.00126121 0.00124831 0.00123345 0.00122707 0.00117041 0.00116590 0.00115937 0.00115781 0.00115511 0.00114046 0.00113814 0.00111662 0.00110977 0.00110733 0.00110720 0.00109648 0.00109454 0.00109113 0.00108587 0.00108165 0.00107108 0.00105218 0.00104750 0.00104623 0.00104121 0.00103957 0.00103476 0.00103361 0.00103052 0.00102050 0.00101108 0.00100779 0.00100703 0.00100490	19.955039421933403	100.0
V350082740_L14_74-74_variants.tsv	[('Lambda', 0.9304357990181705), ('Other', 0.009919864966447286), ('BA.2* [Omicron (BA.2.X)]', 0.0012984469990577924)]	C.37 BA.2.9.1 B.1.177.39 B.1.97 B.1.603 B.1.524 B.1.128 B.1.1.338 B.1.243.2 B.1.444 AP.1	0.93043580 0.00129845 0.00124021 0.00115671 0.00112645 0.00112288 0.00109695 0.00108499 0.00105188 0.00102168 0.00101812	15.067691997179656	100.0
V350082740_L14_29-29_variants.tsv	[('Lambda', 0.9736736044386848)]	C.37	0.97367360	15.937048149429208	100.0
V350082740_L14_72-72_variants.tsv	[('Omicron', 0.9465232880732474), ('BA.2* [Omicron (BA.2.X)]', 0.0010667347354246424)]	BA.4.1 B.1.1.529 BA.4.1.1 BA.4.1.3 BA.2.9.1 BA.4.1.5	0.94037924 0.00224514 0.00161952 0.00123422 0.00106673 0.00104516	18.973721702158382	100.0
V350082740_L14_91-91_variants.tsv	[('Omicron', 0.9395490301695443), ('Lambda', 0.013721532208375931)]	BA.1.1.15 BA.1.1.16 B.1.1.529 BA.1.20 C.37 BA.1.9 BA.1.3 BA.1.1.14 BA.1.16.2 BA.1.10 BA.1.15.1 BA.1.1.11 BA.1.1.10 BA.1.17.1 BA.1.1.3 BA.1.5 BA.1.1.18 BA.1.21.1 BA.1.1.4 BA.1.14.2	0.55053386 0.16393702 0.15920190 0.03642542 0.01372153 0.01016298 0.00233661 0.00179836 0.00164162 0.00161446 0.00157604 0.00125393 0.00124556 0.00119904 0.00118474 0.00114676 0.00111977 0.00110090 0.00104257 0.00102750	16.974716550470184	100.0
V350082740_L14_30-30_variants.tsv	[('Gamma', 0.8911641856548479), ('Other', 0.011395012874792037)]	P.1.15 P.1.12 B.1.177.72 B.1.478 B.1.177.17 P.1.14 B.1.187 B.1.177.75 P.1.16	0.87121169 0.01736605 0.00351001 0.00306412 0.00237468 0.00152551 0.00126064 0.00118556 0.00106094	16.27373435293294	100.0
V350082740_L14_85-85_variants.tsv	[('Omicron', 0.962156550818493)]	BA.4.1 BA.4.1.1 BA.4.1.3 BA.4.1.5 BA.4.3 XL	0.95531638 0.00178198 0.00146098 0.00140919 0.00115183 0.00103619	18.984383969536964	100.0
V350082740_L14_01-01_variants.tsv	[('Other', 0.9189155413898212)]	N.4 B.1.177 B.1.478 B.1.177.72 B.1.187 B.1.177.17 B.1.177.2 B.1.177.75 B.1.177.77	0.85901639 0.03649480 0.01152140 0.00469549 0.00177243 0.00164151 0.00158044 0.00112651 0.00106657	10.243676662320755	100.0
V350082740_L14_31-31_variants.tsv	[('Lambda', 0.9703926297290264)]	C.37	0.97039263	13.303001089959931	100.0
V350082740_L14_51-51_variants.tsv	[('Omicron', 0.950782185246896), ('Lambda', 0.003631291990607983), ('BA.2* [Omicron (BA.2.X)]', 0.0010153126986506096)]	BA.4.1 C.37 BA.4.1.1 B.1.1.529 BA.4.1.3 BA.2.9.1	0.94663516 0.00363129 0.00148996 0.00146539 0.00119168 0.00101531	18.025855035423742	100.0
V350082740_L14_22-22_variants.tsv	[('Other', 0.8637022650347342), ('A', 0.001088480302141808)]	C.26 B.1.1.1 B.1.177 B.1.177.72 B.1.274 B.1.195 B.1.8 B.1.177.17 B.1.187 B.1.478 B.1.254 B.1.76 AA.8 B.1.70 B.1.201 B.1.1.109 B.1.199 B.1.97 B.1.177.75 B.1.67 B.1.639 B.1.1.98 B.3 B.1.177.77 B.1.393 A.3 B.1.483 B.1.177.32 B.58 B.1.128	0.51738034 0.21051625 0.09619260 0.00349477 0.00268472 0.00245655 0.00237882 0.00225689 0.00198011 0.00154560 0.00137784 0.00137528 0.00135479 0.00134691 0.00132985 0.00127205 0.00126037 0.00122369 0.00120319 0.00117760 0.00115662 0.00113883 0.00112567 0.00112321 0.00110299 0.00108848 0.00108405 0.00107208 0.00104604 0.00104456	11.444463937168694	100.0
V350082740_L14_06-06_variants.tsv	[('Other', 0.9064575174803726)]	N.6 B.1.177.72 B.1.478 B.1.177.17 B.1.187 B.1.177.75 B.1.177.77 B.1.70 W.2 B.1.177.33 B.1.177.25	0.88810718 0.00327484 0.00310116 0.00261557 0.00228934 0.00139233 0.00127340 0.00113550 0.00112972 0.00107258 0.00106590	10.88281792317025	100.0
V350082740_L14_78-78_variants.tsv	[('BA.2* [Omicron (BA.2.X)]', 0.9442747133523259), ('Omicron', 0.0042205200868401845)]	BA.2.20 BA.2.23 XQ BA.2.9.1 BA.2.29 B.1.1.529 BA.2.2.1	0.74882503 0.19056912 0.00283934 0.00193717 0.00176085 0.00138118 0.00118254	16.78974181808384	100.0
V350082740_L14_04-04_variants.tsv	[('Other', 0.8970345054066895), ('A', 0.0010903899986013208)]	N.6 B.1.177.72 B.1.177.17 B.1.187 B.1.177.75 B.1.70 B.1.177.77 B.1.1.109 B.1.478 B.1.203 B.1.23 W.2 B.1.524 B.1.177.33 N.7 B.1.531 B.1.97 A.3 B.1.188	0.87119215 0.00308630 0.00295173 0.00223192 0.00172186 0.00152405 0.00147757 0.00139865 0.00132175 0.00118171 0.00116811 0.00115872 0.00113351 0.00113311 0.00112380 0.00112063 0.00109226 0.00109039 0.00101667	11.200421167755877	100.0
V350082740_L14_39-39_variants.tsv	[('Lambda', 0.9715896669334353)]	C.37	0.97158967	16.95467635564814	100.0
V350082740_L14_82-82_variants.tsv	[('Omicron', 0.9259975440142687), ('Lambda', 0.014877331989693175), ('Other', 0.003525596038595125)]	XAE B.1.1.529 C.37 W.2 C.2.1 AP.1	0.86729477 0.05870277 0.01487733 0.00144985 0.00104162 0.00103413	21.118402472574335	100.0
V350082740_L14_14-14_variants.tsv	[('Other', 0.8922978148875474), ('A', 0.0011920229048274333)]	N.4 B.1.177.20 B.1.177 B.1.177.2 B.1.177.17 B.1.1.217 B.1.1.109 B.1.177.77 B.1.177.43 B.1.70 B.1.177.33 N.5 B.1.77 A.3 B.1.579 B.1.1.388 B.1.177.75 B.1.1.361 B.1.106 N.7 B.1.177.25 B.1.177.10 B.1.177.72 W.1 AM.3 B.1.1.176 B.1.478 AP.1 B.1.1.338	0.84053855 0.00934441 0.00877092 0.00304677 0.00232060 0.00158544 0.00158282 0.00150558 0.00149654 0.00139925 0.00138080 0.00135843 0.00126883 0.00119202 0.00118977 0.00118757 0.00117745 0.00117279 0.00116009 0.00115568 0.00115026 0.00112814 0.00111446 0.00109759 0.00107757 0.00103404 0.00102713 0.00101523 0.00101110	12.932718212817914	100.0
V350082740_L14_43-43_variants.tsv	[('Gamma', 0.8954260488047382), ('Other', 0.02578578144776453), ('Lambda', 0.004020631663874962)]	P.1.15 P.1.12 B.1.478 B.1.177.72 C.37 P.1.13 B.1.177.45 B.1.177.17 B.1.187 P.1.14 P.1.1 P.1.16 B.1.177.75	0.87227971 0.01713336 0.01493140 0.00507556 0.00402063 0.00265194 0.00199472 0.00157364 0.00120289 0.00116596 0.00112728 0.00106780 0.00100757	15.60551056236158	100.0
V350082740_L14_32-32_variants.tsv	[('Lambda', 0.9639407289985338)]	C.37	0.96394073	16.421580381069766	100.0
V350082740_L14_56-56_variants.tsv	[('BA.2* [Omicron (BA.2.X)]', 0.5654645334438408), ('Other', 0.20658389659354667), ('Gamma', 0.07206205386744244), ('Omicron', 0.03515147800450512), ('Lambda', 0.0028986513061177665), ('BA.5* [Omicron (BA.5.X)]', 0.0015350500000239204)]	BA.2 BA.2.5 miscBA2BA1PostSpike BA.2.23 P.1.7 B.1.1.529 BA.2.38 P.1.12 BA.2.9 B.1.177.72 BA.2.65 XZ P.1.10 BA.2.11 BA.2.9.1 B.1.70 C.37 BA.2.51 B.1.177.17 BA.2.59 BA.2.52 BA.2.7 B.1.187 BA.2.57 BA.2.31 P.1.16 BA.2.9.5 BA.2.8 BA.2.13.1 BA.2.71 BA.2.34 BA.2.29 BA.2.43 BA.2.21 N.5 BA.2.46 BA.2.10.1 B.1.603 XY BA.5.6.1 BA.2.68 P.1.7.1 BG.1 BA.2.24 BA.2.33 B.1.177.75 B.1.1.109 BA.2.27 BA.2.3.7 BA.2.2.1 C.2.1 BA.2.60 B.1.97 BA.2.16 B.1.203 BA.2.63 BA.2.22 BA.2.18 BA.2.40.1 BA.2.28 B.1.23 XL BA.2.50 AM.3 BA.2.72 BF.1.1 B.1.546 B.1.1.338 B.1.127 AH.1 B.1.579 BA.2.53 B.1.177.87 B.1.393 AP.1 B.1.106 B.1.177.25 BA.2.25.1 B.1.1.437 XAE P.1.1 BA.2.64 B.1.1.420 BA.2.55 B.1.131 BA.2.42 P.1.14 B.1.1.224 BA.2.44 W.2 N.10 BA.2.66 B.1.177.4 BA.2.48 BA.2.61	0.16955473 0.16571692 0.16313513 0.13361620 0.04601499 0.02533640 0.01728189 0.01717494 0.00543474 0.00367586 0.00351407 0.00334328 0.00316667 0.00307212 0.00301299 0.00299349 0.00289865 0.00287107 0.00283528 0.00283367 0.00282797 0.00271255 0.00257092 0.00253807 0.00215120 0.00207084 0.00206685 0.00203947 0.00200864 0.00194845 0.00191947 0.00190718 0.00180546 0.00180005 0.00175573 0.00173297 0.00169974 0.00164573 0.00155749 0.00153505 0.00152488 0.00149635 0.00149420 0.00149288 0.00147189 0.00146673 0.00144017 0.00142867 0.00138820 0.00138488 0.00136839 0.00136259 0.00134121 0.00132886 0.00131140 0.00126287 0.00125356 0.00123085 0.00122080 0.00121009 0.00120235 0.00117857 0.00116878 0.00116807 0.00116616 0.00115131 0.00114549 0.00114533 0.00114453 0.00114354 0.00114105 0.00113489 0.00113351 0.00112300 0.00112284 0.00112038 0.00111230 0.00110375 0.00109596 0.00109023 0.00108942 0.00108092 0.00108058 0.00107710 0.00106379 0.00105510 0.00104884 0.00103967 0.00103894 0.00103456 0.00102403 0.00100923 0.00100287 0.00100193 0.00100024	22.96083956584602	100.0
V350082740_L14_92-92_variants.tsv	[('BA.2* [Omicron (BA.2.X)]', 0.9371010362159585), ('Omicron', 0.004485323210589387), ('Gamma', 0.0010053799995661937)]	BA.2.3.9 BA.2.3.15 BA.2.3.12 BA.2.3.16 BA.2.9.1 BA.2.3.7 BA.2.3.18 BA.2.3.8 BA.2.3.17 BA.2.3.14 BA.2.8 BA.2.3.4 XAA BA.2.10.1 BA.2.2.1 BA.2.3.11 BA.2.3.6 XR XY XL P.1.2	0.79387128 0.11858700 0.00382575 0.00275722 0.00203445 0.00184819 0.00178025 0.00162649 0.00161582 0.00160177 0.00139378 0.00138456 0.00135071 0.00131301 0.00119235 0.00115685 0.00111227 0.00109105 0.00102595 0.00101761 0.00100538	20.21894434922725	99.9966558539277
V350082740_L14_03-03_variants.tsv	[('Other', 0.7696847838773196), ('Omicron', 0.10615473310128445), ('BA.2* [Omicron (BA.2.X)]', 0.043778776716598425), ('Lambda', 0.018362699989609724), ('Delta', 0.01662981479940204), ('Alpha', 0.0016838799885173198)]	C.14 miscBA2BA1PostSpike B.1.1.368 BA.3 B.1.177.60 BA.2.23 D.2 C.37 B.1.177 C.26 B.1.617.2 B.1.439 XZ B.1.1.117 B.1.1.317 B.1.1.305 B.1.1.359 B.1.177.75 B.1.1.175 B.1.1.95 B.1.1.98 B.1.274 B.1.545 B.1.1.92 B.1.1.12 B.1.182 B.1.1.463 B.1.277 B.1.1.83 B.1.222 B.1.1.381 B.1.1.203 B.1.1.529 B.1.177.65 B.1.1.37 B.11 B.1.1.416 B.1.70 B.1.1.169 B.1.1.249 B.1.1.185 C.13 C.32 B.1.195 B.1.1.118 B.1.177.17 B.1.1.109 B.1.1.132 B.1.214 B.1.177.57 B.1.1.500 B.1.473 B.1.1.63 B.1.1.325 B.1.1.178 B.1.1.315 B.1.1.294 B.1.1.16 B.1.478 B.1.1.93 N.7 BA.1.20 B.1.1.39 N.4 B.1.1.59 B.1.1.309 B.1.177.7 B.1.1.438 B.1.1.225 B.1.1.192 B.1.1.372 B.1.1.204 B.1.201 B.1.532 B.1.304 B.1.177.63 B.1.1.154 B.1.1.217 B.1.1.58 C.12 B.1.177.77 B.1.1.244 BF.4 BA.2.23.1 AY.11 XAA B.1.530 BG.1 B.1.1.361 B.1.1.231 Q.4 B.1.334 B.1.1.15 B.1.1.288 AH.1 B.1.1.236 B.1.1.383 B.1.1.296 B.1.1.485 B.1.177.74 B.1.1.285 B.1.177.43 B.1.1.218 BA.2.2 B.1.1.406 B.5 B.1.1.320 B.1.1.107 BA.1.3 B.1.1.302 B.1.1.190 B.1.1.525 B.1.105 B.1.311 B.1.1.426 B.1.1.437 AY.67 B.1.177.54	0.15386985 0.09900656 0.09109204 0.08277051 0.06122815 0.04069282 0.03952570 0.01836270 0.01835576 0.01694920 0.01387376 0.01141702 0.01097534 0.00934579 0.00887574 0.00802568 0.00763359 0.00746269 0.00683829 0.00641026 0.00620797 0.00597907 0.00568182 0.00529101 0.00526316 0.00519481 0.00502513 0.00500000 0.00427350 0.00407224 0.00399191 0.00369004 0.00368602 0.00355872 0.00355872 0.00355872 0.00353357 0.00352113 0.00343643 0.00339559 0.00336700 0.00336700 0.00335570 0.00328947 0.00328407 0.00323625 0.00317292 0.00304878 0.00299476 0.00297816 0.00293594 0.00290698 0.00274223 0.00269397 0.00269107 0.00268336 0.00265303 0.00257069 0.00254453 0.00241109 0.00236518 0.00233028 0.00229885 0.00228598 0.00220264 0.00217707 0.00216450 0.00215054 0.00213675 0.00205761 0.00205630 0.00204082 0.00203046 0.00201207 0.00199626 0.00192994 0.00191571 0.00189394 0.00189394 0.00186220 0.00186104 0.00176857 0.00175285 0.00174368 0.00171858 0.00171821 0.00171233 0.00170940 0.00170010 0.00169205 0.00168388 0.00167926 0.00166251 0.00162866 0.00161117 0.00159264 0.00157791 0.00154784 0.00145666 0.00144425 0.00143062 0.00138058 0.00134228 0.00134228 0.00128238 0.00127623 0.00123762 0.00122026 0.00121212 0.00120048 0.00115473 0.00115207 0.00113507 0.00110756 0.00109787 0.00105625 0.00103748 0.00100819	13.515836231132353	97.88984382837842
V350082740_L14_12-12_variants.tsv	[('Other', 0.8341948521189329)]	B.1.1.162 D.2 B.1.1.132 B.1.177 B.1.1.359 B.1.478 B.1.177.72 B.1.1.58 B.1.1.166 B.1.1.187 B.1.1.160 B.1.1.43 B.1.1.12 B.1.1.185 B.1.274 B.1.195 B.1.201 B.1.1.37 B.1.1.92 B.1.177.2 C.13 B.1.1.95 C.27 B.1.177.17 B.1.1.197 B.1.1.136 B.1.1.172 B.1.1.203 B.1.1.380 B.1.1.115 B.1.1.71 B.1.1.408 B.1.1.169 B.1.1.339 B.1.1.155 B.1.1.165 B.1.1.463 C.26 B.1.187 B.1.1.98 B.1.1.83 B.1.1.249 B.1.199 B.1.1.213 B.1.1.51 B.1.1.398 B.1.177.43 B.1.1.255 B.1.1.258 B.1.1.217 B.1.1.123 B.1.1.178 B.1.1.111 B.1.1.109 B.1.1.55 B.1.1.344 B.1.177.77 B.1.532	0.42609786 0.12367938 0.11684379 0.05812760 0.00953669 0.00749496 0.00473512 0.00423764 0.00301326 0.00287470 0.00285512 0.00265293 0.00260870 0.00254408 0.00232625 0.00224320 0.00224234 0.00220304 0.00218138 0.00210764 0.00209620 0.00202371 0.00192358 0.00189877 0.00183388 0.00181952 0.00169643 0.00168110 0.00166455 0.00166414 0.00153498 0.00151256 0.00146869 0.00140603 0.00140460 0.00133873 0.00133809 0.00133242 0.00132388 0.00131220 0.00130077 0.00129814 0.00129368 0.00128051 0.00126363 0.00122636 0.00122157 0.00121971 0.00119736 0.00119612 0.00118951 0.00117637 0.00113602 0.00111950 0.00108409 0.00105779 0.00103483 0.00101915	11.676279117785413	100.0
V350082740_L14_38-38_variants.tsv	[('Lambda', 0.9636352526231349)]	C.37	0.96363525	14.904645997095233	100.0
V350082740_L14_76-76_variants.tsv	[('Omicron', 0.3703026718882297), ('Other', 0.2534359690542951), ('Gamma', 0.24175763912214496), ('Lambda', 0.02601969408352317)]	P.1.10 BA.1.1.15 miscDeltaBA1Post4k B.1.1.529 N.6 BA.1 BA.1.20 C.37 P.1.12 P.1 B.1.177 B.1.177.20 BA.1.1.14 B.1.177.72 B.1.177.17 BA.1.3 proposed446 BG.3 BA.1.1.10 BA.1.16.2 BA.1.7 P.1.14 B.1.97 B.1.187 B.1.70 BA.1.1.18 BA.1.1.3 B.1.393 P.1.1 B.1.177.75 BA.1.15.1 BG.1 XZ BA.1.8 BA.1.17.1 BA.1.10 XY XF P.1.15 B.1.549 BA.1.1.5 BA.1.19 B.1.1.109 P.1.7.1 B.1.1.217 N.7 B.1.177.10 B.1.23 P.1.17 P.1.9 BA.1.14.1 AA.8 B.1.543 BG.4 BA.1.1.11 P.1.16 BA.1.1.4 BA.1.1.6 B.1.579 AP.1 B.1.128 AM.3 B.1.1.437 AA.3 B.1.1.224 B.1.531 B.1.254 P.6 W.1 B.1.478 B.1.177.32 AA.7 BC.1 BA.1.5 B.1.1.338 proposed441 B.1.127 B.1.619.1 B.1.444 B.1.423 N.5 V.1 B.1.1.361 B.1.188 Z.1 BA.3.1 B.1.1.176 B.1.1.147 B.1.205 B.1.564.1 C.36.1 B.1.1.388 B.1.618 B.1.203	0.20164012 0.14991651 0.08871901 0.08712425 0.07558602 0.04581980 0.03782719 0.02601969 0.01950228 0.00858151 0.00830082 0.00707060 0.00532638 0.00379345 0.00361111 0.00337838 0.00316400 0.00293370 0.00271708 0.00255675 0.00253504 0.00246567 0.00236865 0.00229976 0.00197908 0.00195745 0.00195388 0.00195022 0.00194133 0.00192300 0.00187897 0.00184745 0.00182726 0.00177126 0.00175459 0.00172977 0.00172968 0.00168499 0.00166021 0.00162254 0.00162138 0.00160137 0.00158938 0.00156062 0.00155801 0.00154234 0.00154088 0.00153986 0.00153631 0.00149723 0.00146380 0.00143637 0.00143634 0.00142655 0.00139295 0.00137237 0.00133726 0.00133677 0.00133547 0.00132822 0.00132081 0.00130548 0.00129521 0.00128520 0.00128287 0.00127903 0.00127453 0.00127273 0.00127122 0.00126119 0.00125648 0.00124180 0.00124059 0.00120219 0.00119595 0.00115376 0.00114950 0.00114737 0.00114390 0.00113200 0.00113134 0.00112848 0.00111682 0.00110011 0.00109589 0.00109441 0.00109345 0.00103444 0.00102684 0.00101833 0.00101446 0.00101112 0.00100940 0.00100613	16.248401210457768	100.0
V350082740_L14_75-75_variants.tsv	[('Lambda', 0.8859808880007807), ('Omicron', 0.012344420104637537), ('BA.2* [Omicron (BA.2.X)]', 0.008013209884646324), ('Other', 0.0049116527042379786)]	C.37 BA.3 BA.2.9.1 AA.8 BA.2.2.1 XE BA.2.8 XQ XY BG.3 XAA BA.2.10.1 BA.2.72 XH BG.1 AP.1 B.1.1.437 B.1.524	0.88598089 0.00377021 0.00283951 0.00181813 0.00144948 0.00139788 0.00136898 0.00134025 0.00122139 0.00121172 0.00120474 0.00118910 0.00116614 0.00113070 0.00106753 0.00104935 0.00103019 0.00101398	16.335218493730217	100.0
V350082740_L14_46-46_variants.tsv	[('Lambda', 0.9723545869993221)]	C.37	0.97235459	15.849392158955165	100.0
V350082740_L14_19-19_variants.tsv	[('Other', 0.8561307681252153), ('Lambda', 0.0010544399997214282)]	C.26 B.1.1.1 B.1.177 C.13 B.1.195 B.1.8 B.1.177.17 B.1.274 B.1.177.2 B.1.187 B.1.177.72 B.1.70 B.1.177.75 B.1.393 B.1.67 B.1.76 AA.8 B.1.478 B.1.1.98 B.1.177.77 B.1.1.361 B.58 B.1.201 B.1.1.255 D.2 B.1.524 B.1.1.86 B.1.97 C.37 B.1.1.109 B.1.128 B.1.483 B.1.335 B.1.1.437 B.1.1.388 B.1.234 B.1.444	0.51381032 0.20895150 0.08239571 0.00284429 0.00281140 0.00279112 0.00251036 0.00242675 0.00233819 0.00217156 0.00206214 0.00178126 0.00177926 0.00165912 0.00162048 0.00143799 0.00141710 0.00140428 0.00130056 0.00128458 0.00119558 0.00117810 0.00115551 0.00114994 0.00113259 0.00112108 0.00111271 0.00109649 0.00105444 0.00104166 0.00103991 0.00103935 0.00102160 0.00101840 0.00101260 0.00100886 0.00100843	11.216357547489064	100.0
V350082740_L14_15-15_variants.tsv	[('Other', 0.8738029360493325)]	C.4 B.1.1.1 C.14 B.1.177 B.1.177.72 B.1.478 B.1.177.17 C.13 C.27 B.1.177.77 C.26 B.1.70 B.1.1.98 B.1.76 B.1.1.133 B.1.177.75 W.2 B.1.1.351 B.1.524 C.23 B.1.277	0.39067465 0.25695249 0.12720920 0.06655628 0.00660793 0.00506988 0.00223081 0.00214541 0.00176121 0.00164808 0.00141463 0.00134710 0.00134026 0.00121967 0.00116810 0.00115864 0.00111293 0.00106966 0.00106342 0.00104324 0.00100934	12.311257677846626	100.0
V350082740_L14_53-53_variants.tsv	[('Other', 0.542565739282464), ('Gamma', 0.1898504927435382), ('Lambda', 0.07370221059653045), ('BA.2* [Omicron (BA.2.X)]', 0.01923482538955839), ('Omicron', 0.013926947296316385), ('Alpha', 0.0010209749984110518)]	D.2 P.1.7 B.1.177 C.37 B.1.1.132 P.1 P.1.12 B.1.1.45 B.1.143 BA.3 B.1.1.359 B.1.1.92 C.14 B.1.177.20 B.1.1.58 B.1.8 BA.2.31 B.1.1.12 B.1.1.95 B.1.177.72 P.1.14 B.1.1.185 C.13 B.1.195 B.1.1.416 B.1.1.37 B.1.1.98 BG.3 B.1.1.166 B.1.1.408 B.1.1.213 B.1.1.155 B.1.1.463 B.1.199 B.1.177.17 AA.8 B.1.1.169 B.1.1.33 B.1.1.86 B.1.1.438 B.1.1.71 N.4 B.1.187 B.1.1.172 B.1.1.83 BA.2.29 B.1.1.290 B.1.76 B.1.1.315 B.1.1.197 B.1.177.10 BA.2.9.1 B.1.1.43 B.1.483 B.1.1.187 B.1.1.217 P.1.15 P.1.1 B.1.173 B.1.201 B.1.1.111 B.1.1.338 B.1.1.134 N.5 B.1.70 B.1.1.361 B.1.1.228 B.1.1.180 BA.2.8 B.1.1.192 B.1.1.51 P.1.7.1 B.1.1.174 B.1.1.135 B.1.532 B.1.1.517 B.1.1.385 B.1.1.109 B.1.1.426 B.1.1.221 B.1.1.207 B.1.177.75 B.1.1.339 BA.2.50 B.1.1.168 P.1.16 B.1.1.500 B.1.1.115 B.1.1.253 BA.2.28 B.1.1.209 B.1.1.344 B.1.179 B.1.1.165 XL B.1.1.175 B.1.1.437 P.1.11 B.1.1.154 B.1.1.519 B.1.1.227 P.1.9 N.7 AM.3 B.1.478 B.1.1.379 XAA B.1.1.225 B.1.1.147 B.1.177.43 B.1.1.176 BA.2.27 B.1.585 B.1.1.3 BA.2.2.1 B.1.1.121 B.1.1.320 B.1.1.137 B.1.1.55 B.1.215 B.1.177.83 B.1.1.363 B.1.1.262 B.1.1.251 B.1.1.224 BG.1 B.1.106 B.1.1.208 B.1.1.480 B.1.444 B.1.531 B.1.1.29 P.1.13 B.1.1.395 B.1.423 B.1.1.507 B.1.1.123 C.30 M.3 B.1.1.44 B.1.1.244 B.1.1.59 B.1.1.178 B.1.564.1 B.1.1.249 B.1.1.485 B.1.1.177 B.1.1.373 B.1.1.17 B.1.1.255 B.1.177.33 B.1.1.371 B.1.1.325 B.1.1.120 B.1.1.136 B.1.1.39 AP.1 B.1.1.26 B.1.203 B.1.1.434 B.1.177.25 B.1.1.403 B.1.188 BA.2.72 B.1.97 B.1.1.461 B.1.600 B.1.550 B.1.23 BA.2.10.1 B.1.277 XAE BA.2.41 AS.2 B.1.1.97 B.1.1.388 N.10 B.1.1.328 B.1.1.163 B.1.1.57 B.1.1.392 B.1.177.32 B.1.524 B.1.1.524 B.1.1.296 B.1.1.205 Q.4 B.1.234 B.1.1.268 B.1.1.14 B.1.1.190	0.10677078 0.09140437 0.07443652 0.07370221 0.06399165 0.06309190 0.02069818 0.01423465 0.01044338 0.00585524 0.00524158 0.00516573 0.00498845 0.00452464 0.00424269 0.00413441 0.00407473 0.00386792 0.00356008 0.00336536 0.00332304 0.00315769 0.00305319 0.00305044 0.00301286 0.00300469 0.00296819 0.00279872 0.00278988 0.00269790 0.00268353 0.00262940 0.00257536 0.00256691 0.00255933 0.00247283 0.00246820 0.00246118 0.00243213 0.00242869 0.00239808 0.00236892 0.00236888 0.00230295 0.00226736 0.00222750 0.00222093 0.00220706 0.00218302 0.00216187 0.00209039 0.00206688 0.00202969 0.00197708 0.00195498 0.00193422 0.00191889 0.00190605 0.00190044 0.00189677 0.00189461 0.00188334 0.00187512 0.00182287 0.00180907 0.00180599 0.00175266 0.00174940 0.00173574 0.00172460 0.00171440 0.00171115 0.00170695 0.00170641 0.00170506 0.00168919 0.00164501 0.00164261 0.00164066 0.00163646 0.00161606 0.00160846 0.00160605 0.00160286 0.00159819 0.00158688 0.00157380 0.00157293 0.00157092 0.00156187 0.00155734 0.00154834 0.00154604 0.00153451 0.00152794 0.00152053 0.00149146 0.00148986 0.00148273 0.00147955 0.00147622 0.00146908 0.00146813 0.00144824 0.00144421 0.00140217 0.00138430 0.00137237 0.00135008 0.00134833 0.00133766 0.00133614 0.00133052 0.00133019 0.00132726 0.00132566 0.00132238 0.00132168 0.00131432 0.00131393 0.00130818 0.00130200 0.00128390 0.00127924 0.00127705 0.00127691 0.00126828 0.00126753 0.00126688 0.00126494 0.00126333 0.00125829 0.00125109 0.00124809 0.00124282 0.00124082 0.00124035 0.00121689 0.00121366 0.00120928 0.00120207 0.00119993 0.00119614 0.00119510 0.00119237 0.00119141 0.00119052 0.00118515 0.00117609 0.00116975 0.00116600 0.00116556 0.00115860 0.00114874 0.00113830 0.00113625 0.00113608 0.00113499 0.00113188 0.00113007 0.00112818 0.00112664 0.00112374 0.00112112 0.00111156 0.00110870 0.00110655 0.00110372 0.00110339 0.00110235 0.00109105 0.00108385 0.00107838 0.00107056 0.00106730 0.00106568 0.00106292 0.00106137 0.00105663 0.00104976 0.00104609 0.00104606 0.00104543 0.00104196 0.00103558 0.00102431 0.00102097 0.00101604 0.00101160 0.00100332 0.00100076	15.265381416655089	100.0
V350082740_L14_67-67_variants.tsv	[('Lambda', 0.9588289082193282), ('BA.2* [Omicron (BA.2.X)]', 0.0010036498922182952)]	C.37 BA.2.9.1	0.95882891 0.00100365	15.677926759558485	100.0
V350082740_L14_27-27_variants.tsv	[('Epsilon', 0.9301938739507987), ('Other', 0.0021002999560483637)]	B.1.429 B.1.429.1 B.1.585 B.1.375	0.92896130 0.00123257 0.00106972 0.00103058	17.538370279782292	100.0
V350082740_L14_58-58_variants.tsv	[('BA.2* [Omicron (BA.2.X)]', 0.7267581128702093), ('Other', 0.21459756098374116), ('Omicron', 0.004903038192292468)]	BA.2.9 miscBA1BA2Pre4321 XAG BA.2.52 BA.2.9.1 BA.2.9.5 BA.2.9.3 BA.2.2.1 XY BA.2.8 BA.2.10.1 XL	0.71538176 0.21459756 0.00281410 0.00247565 0.00239512 0.00184134 0.00140459 0.00114813 0.00107741 0.00107495 0.00103657 0.00101153	18.871072671862642	100.0
V350082740_L14_54-54_variants.tsv	[('Omicron', 0.9558338345680933), ('Lambda', 0.0057138209872912415)]	XAE B.1.1.529 C.37	0.90636382 0.04947001 0.00571382	19.506705088632966	100.0
V350082740_L14_63-63_variants.tsv	[('BA.2* [Omicron (BA.2.X)]', 0.9321229144723646), ('Omicron', 0.0011018897550059419)]	BA.2.56 BA.2 BA.2.23 BA.2.68 BA.2.31 BA.2.9.1 BA.2.11 BA.2.61 BA.2.52 BA.2.59 BA.2.62 BA.2.66 BA.2.71 BA.2.40 BA.2.29 BA.2.21 BA.2.57 BA.2.9.5 BA.2.2.1 BA.2.55 BA.2.34 BA.2.32 BA.2.46 BA.2.33 BA.2.27 BA.2.13.1 B.1.1.529 BA.2.8	0.46338505 0.25982743 0.15893551 0.01425980 0.00286548 0.00225655 0.00218880 0.00193591 0.00171336 0.00167094 0.00164102 0.00147878 0.00147196 0.00146491 0.00143288 0.00140433 0.00140351 0.00138895 0.00138237 0.00136169 0.00134828 0.00130983 0.00128902 0.00127650 0.00125586 0.00110687 0.00110189 0.00106732	17.349491861844733	100.0
V350082740_L14_33-33_variants.tsv	[('Lambda', 0.9694272345948595)]	C.37	0.96942723	17.011123328514508	100.0
V350082740_L14_02-02_variants.tsv	[('Other', 0.9281577753078065)]	N.6 B.1.478 B.1.177.72 B.1.177.17 B.1.70 B.1.177.75 B.1.187 B.1.177.77	0.91364873 0.00360432 0.00345519 0.00196442 0.00170814 0.00133882 0.00122498 0.00121318	9.610124559166014	100.0
V350082740_L14_96-96_variants.tsv	[('Omicron', 0.9544237170127359), ('BA.2* [Omicron (BA.2.X)]', 0.0030429972455955617)]	BA.4.1 BA.2.9.1 BA.4.1.1 BA.4.1.3 BA.4.1.5 BA.4.3 BA.2.2.1	0.94839021 0.00188197 0.00181798 0.00156599 0.00136807 0.00128147 0.00116103	21.16917694360153	100.0
V350082740_L14_61-61_variants.tsv	[('Other', 0.6715961676334885), ('Omicron', 0.12420766911856689), ('Gamma', 0.03470370300901891), ('BA.2* [Omicron (BA.2.X)]', 0.004884190030277777), ('Lambda', 0.00332310933325401), ('Alpha', 0.0011936700001216364)]	miscBA2BA1PostSpike B.1.143 B.1.177 BA.3 B.1.1.45 B.1.1.529 P.1.12 B.1.1.28 P.1.7 B.1.177.20 B.1.1.12 B.1.1.180 B.1.1.37 B.1.1.95 B.1.1.58 B.1.1.359 C.37 B.1.195 B.1.1.136 B.1.1.166 B.1.177.72 B.1.1.197 B.1.1.172 B.1.532 B.1.177.17 B.1.199 BG.3 B.1.1.59 B.1.1.185 B.1.1.71 B.1.1.338 XZ B.1.1.208 B.1.1.485 B.1.1.92 B.1.76 B.1.1.395 B.1.1.115 B.1.1.168 B.1.177.65 B.1.1.187 B.1.1.315 B.1.1.268 B.1.1.175 B.1.1.169 BA.2.8 B.1.1.86 B.1.97 B.1.1.249 B.1.1.39 P.1.14 B.1.1.371 B.1.1.254 B.1.1.438 P.1.16 B.1.1.463 B.1.177.75 B.1.1.130 B.1.201 B.1.1.83 B.1.1.51 B.1.1.392 B.1.1.416 B.1.1.351 B.1.1.203 B.1.177.63 B.1.177.7 B.1.1.217 B.1.1.123 M.3 B.1.1.408 AM.3 B.1.1.43 B.1.1.228 B.1.1.98 B.1.1.155 BA.2.9.1 B.1.1.339 B.1.1.336 B.1.1.133 B.1.1.296 P.1.7.1 BG.1 B.1.215 B.1.1.120 B.1.1.134 B.1.550 B.1.1.253 B.1.1.320 B.1.1.388 B.1.1.434 B.1.1.205 B.1.234 N.7 BA.2.2.1 B.1.177.83 AA.8 B.1.1.361 B.1.1.209 B.1.1.383 B.1.1.137 B.1.173 B.1.1.378 B.1.1.55 B.1.1.221 AS.1 B.1.564.1 B.1.1.298 B.1.585 B.1.1.344 P.1.9 B.1.1.97 B.1.77 B.1.1.426 B.1.1.109 B.1.1.507 B.1.1.255 B.1.177.77 B.1.1.3 Q.4 B.1.1.437 B.1.1.192 B.1.579 XAA B.1.1.154 B.1.1.524 B.1.1.396 B.1.1.480 B.1.1.17 B.1.181 AS.2 B.1.1.290 BG.4 B.1.1.461 AV.1 B.1.1.147 B.1.1.164 B.1.1.26 B.1.137 B.1.1.163 B.1.177.10 B.1.1.224 AP.1 B.1.1.500 P.7 B.1.1.201 W.2 B.1.231 B.1.1.207 B.1.1.218 B.1.1.198 B.1.524 U.3 B.1.1.178 B.1.1.519 AA.5	0.19746967 0.09142316 0.08510793 0.07810520 0.05722342 0.03736254 0.02023966 0.01019075 0.00790363 0.00520358 0.00518836 0.00399772 0.00390648 0.00377246 0.00357072 0.00334128 0.00332311 0.00324188 0.00320339 0.00308334 0.00293772 0.00285612 0.00285114 0.00261614 0.00261240 0.00256731 0.00255658 0.00253223 0.00251556 0.00246305 0.00241941 0.00241796 0.00234952 0.00233347 0.00226142 0.00224467 0.00217987 0.00216231 0.00216201 0.00214727 0.00214345 0.00213665 0.00210915 0.00209225 0.00206728 0.00202228 0.00201945 0.00201689 0.00199336 0.00198859 0.00194664 0.00194128 0.00192210 0.00191443 0.00189388 0.00185400 0.00184217 0.00180083 0.00175318 0.00173353 0.00172336 0.00169985 0.00169237 0.00168171 0.00167115 0.00166893 0.00165563 0.00165226 0.00162219 0.00161952 0.00161588 0.00161455 0.00156569 0.00154055 0.00154036 0.00152333 0.00150873 0.00150283 0.00149677 0.00149533 0.00148075 0.00147531 0.00146679 0.00145082 0.00144414 0.00144092 0.00140811 0.00139600 0.00139211 0.00138587 0.00137212 0.00136719 0.00136612 0.00135622 0.00135318 0.00133860 0.00133551 0.00133502 0.00133287 0.00132601 0.00131926 0.00130657 0.00130352 0.00128617 0.00127761 0.00126861 0.00126805 0.00126422 0.00125972 0.00125094 0.00124458 0.00123813 0.00123142 0.00122910 0.00122558 0.00122349 0.00120202 0.00119642 0.00119465 0.00119367 0.00119343 0.00119166 0.00118633 0.00116127 0.00115837 0.00115396 0.00115196 0.00114943 0.00114927 0.00114613 0.00114503 0.00114386 0.00113733 0.00112651 0.00111429 0.00110895 0.00110348 0.00110159 0.00109793 0.00108759 0.00108617 0.00108615 0.00108430 0.00108360 0.00107714 0.00107566 0.00107561 0.00107267 0.00107181 0.00105852 0.00105427 0.00104092 0.00102972 0.00102600 0.00102197 0.00102140	15.725349231894294	100.0
V350082740_L14_16-16_variants.tsv	[('Other', 0.8691982860258403)]	C.26 B.1.1.1 B.1.177 B.1.177.72 B.1.478 B.1.274 B.1.8 B.1.201 B.1.177.17 B.1.195 B.1.187 B.1.97 B.1.1.98 B.1.177.2 C.2 B.1.177.77 B.1.177.75 B.1.13 B.1.199 B.1.177.32 D.2 B.58	0.51906586 0.24392709 0.06682449 0.00660970 0.00645544 0.00271515 0.00268290 0.00218341 0.00216862 0.00191096 0.00170306 0.00144105 0.00138996 0.00138957 0.00115949 0.00114743 0.00114191 0.00109692 0.00108535 0.00105436 0.00103055 0.00101502	11.421199392774186	100.0
V350082740_L14_08-08_variants.tsv	[('Other', 0.9018271519506187)]	N.4 B.1.478 D.2 B.1.13 B.1.1.185 B.1.274 B.1.1.165 B.1.1.344	0.86999473 0.01295520 0.00647290 0.00613063 0.00213292 0.00165349 0.00124576 0.00124152	12.55910510281835	100.0
V350082740_L14_20-20_variants.tsv	[('Other', 0.892733549720695)]	N.4 B.1.177 B.1.177.17 B.1.177.72 B.1.187 W.2 AA.8 B.1.177.75 B.1.97 B.1.177.32 B.1.1.109 B.1.70 B.1.177.77 N.7 B.1.524 B.1.1.388 D.2 B.1.444 B.1.1.361 B.1.1.338 B.1.1.217 B.1.1.408 B.1.1.437 B.1.579 B.1.478 B.1.1.312 B.1.1.44 B.1.603 B.1.1.507 N.1 B.1.23	0.77709614 0.07564254 0.00328411 0.00316891 0.00231224 0.00162363 0.00149656 0.00142921 0.00135934 0.00130988 0.00130803 0.00130529 0.00127165 0.00123929 0.00123258 0.00120996 0.00120877 0.00120659 0.00118552 0.00118275 0.00114994 0.00112947 0.00110152 0.00109907 0.00108979 0.00105479 0.00102113 0.00100452 0.00100432 0.00100397 0.00100202	14.050200980198355	100.0
V350082740_L14_57-57_variants.tsv	[('Omicron', 0.9476662823941566), ('BA.2* [Omicron (BA.2.X)]', 0.001289908944438038), ('Other', 0.001049662401421445)]	BA.4.1 BA.4.1.1 B.1.1.529 BA.2.9.1 BA.4.1.5 BA.4.1.3 W.2	0.94222016 0.00164870 0.00143543 0.00128991 0.00122774 0.00113425 0.00104966	19.025020031796764	100.0
V350082740_L14_28-28_variants.tsv	[('Lambda', 0.9712187297875281)]	C.37	0.97121873	15.757933723683294	100.0
V350082740_L14_89-89_variants.tsv	[('BA.2* [Omicron (BA.2.X)]', 0.9303112503977181), ('Omicron', 0.010619527966447337)]	BA.2.57 BA.2.23 BA.2.68 B.1.1.529 BA.2.31 XQ BA.2.67 BA.2.9.1 BA.2.32 BA.2.29 BA.2.66 BA.2.21 BA.2.5 BA.2.27 BA.2.53 BA.2.2.1	0.72427302 0.16921338 0.01750470 0.00823614 0.00421287 0.00238339 0.00223837 0.00182251 0.00176634 0.00169510 0.00139849 0.00136792 0.00124933 0.00123424 0.00117541 0.00115957	17.73048963788267	100.0
V350082740_L14_05-05_variants.tsv	[('Other', 0.9018070347014092)]	N.6 B.1.177.72 B.1.177.17 B.1.187 B.1.478 B.1.177.75 B.1.70 W.2 B.1.177.33 B.1.177.25 B.1.531 B.1.1.251 B.1.1.437 B.1.1.109 N.7 AP.1 B.1.1.420 B.1.188	0.87516854 0.00363515 0.00298772 0.00264992 0.00205191 0.00161214 0.00138901 0.00138703 0.00124309 0.00121744 0.00112004 0.00109764 0.00107737 0.00107029 0.00105933 0.00101914 0.00101350 0.00100778	11.263480425294855	100.0
V350082740_L14_37-37_variants.tsv	[('Other', 0.897527714088467)]	B.1.1.348 B.1.177 B.1.177.72 B.1.177.17 B.1.187 B.1.177.75 B.1.1.217 B.1.177.77 AA.8 B.1.478 D.2 B.1.1.437 W.2 B.1.177.33 B.1.177.32 B.1.97 B.1.531 B.1.543 B.1.273	0.80328460 0.07056971 0.00282402 0.00226913 0.00219955 0.00138701 0.00131849 0.00129755 0.00128970 0.00127871 0.00125966 0.00113993 0.00110065 0.00108503 0.00107837 0.00106781 0.00105143 0.00101739 0.00100897	13.759827841740437	100.0
V350082740_L14_07-07_variants.tsv	[('Other', 0.8650261506832573)]	N.4 B.1.177 B.1.177.72 B.1.195 B.1.274 B.1.478 B.1.177.17 B.1.8 B.1.177.2 B.1.187 B.1.201 B.1.76 B.1.97 B.1.177.75 B.1.177.77 B.1.199 B.1.393 W.2 AA.8 B.1.215 B.1.137 B.1.177.32 B.1.69 B.1.1.361 B.1.1.86 B.1.70 B.1.1.109 B.1.1.437 B.1.474 B.1.564.1 B.1.1.420 B.1.483 B.1.13 B.1.1.217 N.7	0.74907235 0.06390079 0.00527502 0.00311225 0.00287917 0.00255813 0.00231805 0.00228299 0.00227775 0.00203992 0.00173462 0.00146287 0.00145503 0.00140560 0.00134106 0.00123743 0.00119675 0.00117400 0.00116985 0.00116833 0.00112226 0.00111859 0.00111551 0.00110786 0.00110128 0.00108951 0.00108285 0.00108011 0.00103306 0.00102584 0.00102317 0.00102277 0.00102261 0.00101591 0.00100286	11.836773673639817	100.0
V350082740_L14_42-42_variants.tsv	[('Lambda', 0.969214032228326)]	C.37	0.96921403	14.038171564875169	100.0
V350082740_L14_59-59_variants.tsv	[('BA.2* [Omicron (BA.2.X)]', 0.6597351831172339), ('Lambda', 0.10263722100122247), ('Omicron', 0.06049026488569755), ('Other', 0.03829939174466328), ('BA.5* [Omicron (BA.5.X)]', 0.0010153483002204), ('A', 0.0010062100030253424)]	BA.2.56 BA.2.23 C.37 BA.2 BA.3 BA.2.12 B.1.177 BA.2.68 XZ B.1.177.72 BA.2.9.1 BA.2.52 B.1.177.17 BG.3 BA.2.11 BA.2.31 BA.2.59 BA.2.29 BA.2.9.5 BA.2.13.1 BA.2.71 BA.2.21 B.1.177.43 B.1.187 B.1.478 B.1.177.75 BA.2.46 BA.2.27 W.2 BA.2.8 BA.2.57 BA.2.34 AA.8 BA.2.33 B.1.177.77 B.1.1.109 B.1.1.529 BA.2.43 BA.2.53 BA.2.10.1 miscBA2BA1PostSpike BA.2.2.1 B.1.77 BA.2.24 BA.2.25.1 BA.2.72 BA.2.5 BA.2.55 proposed771 B.1.524 BA.2.50 B.1.1.207 B.1.564.1 BA.2.18 BA.2.7 BA.5.2.5 BA.2.64 A.3 Z.1	0.33030708 0.14565259 0.10263722 0.08819270 0.05403684 0.04765409 0.01334550 0.00283677 0.00272098 0.00266675 0.00266124 0.00248389 0.00244422 0.00244146 0.00235666 0.00227055 0.00214339 0.00212518 0.00207494 0.00198429 0.00185209 0.00182822 0.00180956 0.00176119 0.00168124 0.00155873 0.00155477 0.00154060 0.00143620 0.00142362 0.00141723 0.00139231 0.00135566 0.00131708 0.00131329 0.00131123 0.00129099 0.00128851 0.00128555 0.00125152 0.00124028 0.00120444 0.00117351 0.00114364 0.00110554 0.00110352 0.00109090 0.00108205 0.00107556 0.00106365 0.00105434 0.00103093 0.00102960 0.00102820 0.00101556 0.00101535 0.00101212 0.00100621 0.00100231	19.902380880398994	100.0
V350082740_L14_21-21_variants.tsv	[('Other', 0.8307423124849861)]	B.1.1 D.2 B.1.1.132 B.1.177.10 B.1.143 B.1.1.359 B.1.177.72 B.1.478 B.1.1.58 B.1.1.166 B.1.1.249 B.1.1.187 B.1.1.160 B.1.1.37 B.1.1.12 B.1.1.43 B.1.1.185 B.1.8 B.1.1.197 B.1.1.172 C.13 B.1.1.92 B.1.1.297 B.1.177.17 B.1.201 B.1.1.169 B.1.1.95 B.1.1.380 B.1.1.71 B.1.1.165 B.1.1.203 B.1.1.213 B.1.187 B.1.195 B.1.177.2 B.1.1.83 B.1.1.178 C.27 B.1.1.463 B.1.70 B.1.1.5 B.1.199 B.1.1.98 B.1.1.111 B.1.1.51 B.1.1.408 B.1.1.315 B.1.177.77 B.1.1.155 B.1.532 B.1.1.339 B.1.1.217 B.1.1.207 B.1.1.320 B.1.1.133 B.1.1.3 B.1.1.312 B.1.1.392 C.26 B.1.1.368 B.1.177.75	0.40110960 0.11889996 0.10654986 0.06454709 0.03279966 0.00682920 0.00546797 0.00474017 0.00426146 0.00343962 0.00319489 0.00302386 0.00281798 0.00255022 0.00250847 0.00229554 0.00227599 0.00222645 0.00215176 0.00205560 0.00199386 0.00198273 0.00190963 0.00179792 0.00176082 0.00174711 0.00173810 0.00173009 0.00170039 0.00165609 0.00165453 0.00158926 0.00157264 0.00156097 0.00152856 0.00151371 0.00147678 0.00142168 0.00140940 0.00140680 0.00135520 0.00129330 0.00127716 0.00126806 0.00125142 0.00122608 0.00120965 0.00114146 0.00112680 0.00112510 0.00109482 0.00108783 0.00108253 0.00107062 0.00106331 0.00105823 0.00104250 0.00102455 0.00102324 0.00101363 0.00101040	12.999507537334921	100.0
V350082740_L14_73-73_variants.tsv	[('Other', 0.419213221566125), ('Omicron', 0.2567736071754856), ('Lambda', 0.19223527459193163), ('BA.5* [Omicron (BA.5.X)]', 0.002939063606702474), ('BA.2* [Omicron (BA.2.X)]', 0.0025350040106131696), ('Delta', 0.0022516899714661526)]	N.4 XAE C.37 B.1.177 BA.3 BA.4.1 B.1.8 B.1.274 B.1.177.72 B.1.195 B.1.177.17 XZ BA.4.1.3 B.1.187 XY W.2 B.1.201 B.1.483 B.1.1.109 B.58 B.1.76 BA.4.1.1 BA.4.1.5 BA.5.6.1 AA.8 proposed590 B.1.177.33 B.1.70 B.1.393 B.1.177.32 B.1.1.361 N.7 B.1.106 B.1.97 B.1.128 B.1.478 B.1.177.75 B.1.177.10 B.1.375 AP.1 W.3 B.1.444 B.1.131 B.1.600 B.1.215 BA.2.9.1 B.1.1.251 B.1.1.437 B.1.177.77 B.1.1.217 B.1.134 B.1.199 B.1.603 BA.2.2.1 B.1.445 B.1.423 AY.3.3 B.1.127 N.2 B.1.234 B.1.629 B.1.404 B.1.585 W.1 B.1.277 B.1.1.524 BA.5.2.5 B.1.177.4 N.1 B.1.81 B.1.1.44 B.1.177.25 B.1.640.2 B.1.205 AY.75.3 XR B.1.142 B.1.1.224 XL B.1.1.93 AV.1	0.24750597 0.20085001 0.19223527 0.07466335 0.02130281 0.02034184 0.00411663 0.00365599 0.00360465 0.00337736 0.00325488 0.00320479 0.00301424 0.00276428 0.00229942 0.00213402 0.00213073 0.00210671 0.00204734 0.00195578 0.00194680 0.00187865 0.00183835 0.00183530 0.00176561 0.00172049 0.00158573 0.00158494 0.00154814 0.00152180 0.00150075 0.00148518 0.00147786 0.00146688 0.00144391 0.00142162 0.00141820 0.00141258 0.00138944 0.00137072 0.00136283 0.00134319 0.00133902 0.00131006 0.00129482 0.00128996 0.00128877 0.00128160 0.00127600 0.00127595 0.00126221 0.00126024 0.00125504 0.00124505 0.00122548 0.00122117 0.00121728 0.00116476 0.00115729 0.00115334 0.00114907 0.00114727 0.00114377 0.00113686 0.00111949 0.00111743 0.00110376 0.00108684 0.00108254 0.00108080 0.00107994 0.00107725 0.00106712 0.00104261 0.00103441 0.00103169 0.00101382 0.00101238 0.00101181 0.00100474 0.00100117	16.35355402139379	100.0
V350082740_L14_64-64_variants.tsv	[('Omicron', 0.9544177516736436), ('Gamma', 0.0011611331789745851)]	BA.1.1.16 BA.1.1.15 B.1.1.529 BA.1 BA.1.20 BA.1.1.14 BA.1.3 BA.1.15.1 BA.1.16.2 BA.1.10 BA.1.8 BA.1.17.2 BA.1.5 BA.1.1.5 BA.1.14.2 BA.1.1.10 BA.1.17.1 BA.1.1.18 BA.1.1.11 BC.1 BA.1.1.3 BA.1.1.6 BA.1.1.4 BA.1.21.1 P.1.7.1 BA.1.1.7 BA.1.6 BA.1.16.1 BA.1.14.1	0.35016664 0.31937417 0.12874694 0.07955672 0.03916404 0.00295539 0.00283682 0.00259143 0.00207645 0.00190063 0.00171053 0.00165207 0.00162272 0.00160536 0.00154240 0.00153875 0.00150411 0.00149691 0.00141399 0.00141035 0.00135349 0.00134084 0.00132266 0.00131012 0.00116113 0.00113927 0.00104938 0.00102512 0.00101045	18.141765573841983	100.0
V350082740_L14_44-44_variants.tsv	[('Gamma', 0.8726737536994199), ('Other', 0.047816936610198896)]	P.1.1 P.1 B.1.177 P.1.12 B.1.478 B.1.177.72 B.1.187 P.1.13 B.1.177.17 P.1.15 B.1.70 B.1.177.75 B.1.177.2 B.1.177.4 P.1.14	0.65796191 0.19578404 0.01707782 0.01404628 0.01229140 0.00847727 0.00282471 0.00202452 0.00188021 0.00176278 0.00150253 0.00127512 0.00126556 0.00122233 0.00109422	17.938677134355448	99.9799351235662
V350082740_L14_83-83_variants.tsv	[('Lambda', 0.9420319939957565), ('BA.2* [Omicron (BA.2.X)]', 0.003535972583357975), ('Omicron', 0.002484931977182483), ('Other', 0.0010087999988199203)]	C.37 BG.1 BA.2.2.1 BA.2.9.1 BG.3 BA.2.60 B.1.444	0.94203199 0.00138594 0.00127763 0.00122357 0.00109899 0.00103477 0.00100880	16.04742095841033	100.0
V350082740_L14_90-90_variants.tsv	[('Lambda', 0.9056475170016395), ('Other', 0.00797680290611968), ('BA.2* [Omicron (BA.2.X)]', 0.0031378190551408815), ('Omicron', 0.0025093122344871455)]	C.37 BA.2.2.1 W.2 BA.2.9.1 BG.1 AP.1 XY B.1.474 B.1.177.87 AM.3 B.1.203 B.1.444	0.90564752 0.00168872 0.00146049 0.00144910 0.00127778 0.00123695 0.00123153 0.00108374 0.00107551 0.00105643 0.00104461 0.00101907	14.973026474460383	100.0
V350082740_L14_48-48_variants.tsv	[('Gamma', 0.8772787962857603), ('Other', 0.04106700803708821)]	P.1.1 P.1 D.2 P.1.12 P.1.13 B.1.1.185 B.1.1.187 B.1.1.98 B.1.1.111 P.1.16 B.1.1.426 B.1.1.344	0.69010703 0.17139926 0.03255793 0.00985068 0.00480264 0.00238434 0.00139248 0.00133218 0.00126374 0.00111919 0.00109802 0.00103832	15.380185297862152	99.9765909774939
V350082740_L14_70-70_variants.tsv	[('Omicron', 0.8712472298619196), ('Lambda', 0.0758188000002337), ('Other', 0.00105522000502292)]	BA.1.1.16 BA.1.1.15 B.1.1.529 BA.1 C.37 BA.1.20 C.37.1 BA.1.3 BA.1.1.14 BA.1.15.1 BA.1.1.10 BA.1.1.3 BA.1.1.11 BA.1.16.2 BA.1.5 BA.1.10 BA.1.17.2 BA.1.21.1 BA.1.17.1 BA.1.1.6 BA.1.1.4 BA.1.1.18 BC.1 proposed441 BA.1.8	0.33733040 0.25634891 0.12613825 0.09683208 0.05643155 0.02821886 0.01938725 0.00265940 0.00251528 0.00198663 0.00179104 0.00167207 0.00165158 0.00164098 0.00157880 0.00157525 0.00148457 0.00122525 0.00120079 0.00111159 0.00109998 0.00108291 0.00106978 0.00105522 0.00103282	15.608615311735495	100.0
