sample	n_filtered_variants	major_lineage	major_n_supported	major_frac_supported	co_infection_flag	minor_lineage	minor_n_supported	minor_median_af	confidence_tier	minor_supported_mutations
V350082740_L14_68-68_variants	16481	C.37	4	0.2	True	BA.2	23	0.246155	high	10198:C>T|10447:G>A|12880:C>T|15714:C>T|20055:A>G|21618:C>T|22674:C>T|22688:A>G|25000:C>T|25584:C>T|26060:C>T|26858:C>T|27382:G>C|27383:A>T|2790:C>T|29510:A>C|4184:G>A|4321:C>T|670:T>G|9344:C>T|9424:A>G|9534:C>T|9866:C>T
V350082740_L14_73-73_variants	19420	C.37	4	0.2	True	B.1.1.529	21	0.294919	high	10449:C>A|21987:G>A|22578:G>A|22679:T>C|22686:C>T|22992:G>A|23013:A>C|23055:A>G|23063:A>T|23075:T>C|23525:C>T|23599:T>G|23604:C>A|23948:G>T|24424:A>T|24469:T>A|26270:C>T|26577:C>G|26709:G>A|27259:A>C|27807:C>T
V350082740_L14_61-61_variants	8176	C.37	4	0.2	True	B.1.1.529	16	0.3359	high	10449:C>A|21987:G>A|22578:G>A|22679:T>C|22686:C>T|22992:G>A|23013:A>C|23525:C>T|23599:T>G|23604:C>A|23948:G>T|24424:A>T|24469:T>A|26709:G>A|27259:A>C|27807:C>T
V350082740_L14_76-76_variants	13393	C.37	4	0.2	True	P.1	11	0.261971	high	12778:C>T|13860:C>T|21621:C>A|21638:C>T|24642:C>T|2749:C>T|28167:G>A|28512:C>G|3828:C>T|5648:A>C|733:T>C
V350082740_L14_53-53_variants	17435	C.37	4	0.2	True	P.1	11	0.203818	high	12778:C>T|13860:C>T|21621:C>A|21638:C>T|23063:A>T|2749:C>T|28167:G>A|28512:C>G|3828:C>T|5648:A>C|733:T>C
V350082740_L14_59-59_variants	20712	B.1.1.529	21	0.5675675675675675	True	C.37	10	0.1214115	high	10097:G>A|21786:G>T|21789:C>T|22917:T>A|23031:T>C|24138:C>A|4002:C>T|7124:C>T|7424:T>G|9867:T>C
V350082740_L14_40-40_variants	3164	P.1	9	0.5625	True	AY.1	7	0.238502	high	22813:G>T|22995:C>A|24410:G>A|25469:C>T|27638:T>C|28461:A>G|29402:G>T
V350082740_L14_75-75_variants	18794	C.37	16	0.8	True	B.1.1.529	7	0.121715	high	10449:C>A|22992:G>A|23013:A>C|23948:G>T|26577:C>G|26709:G>A|27807:C>T
V350082740_L14_17-17_variants	22084	C.37	4	0.2	True	AY.1	6	0.319609	high	22813:G>T|24410:G>A|25469:C>T|27638:T>C|28461:A>G|29402:G>T
V350082740_L14_36-36_variants	18102	B.1.1.7	19	0.76	True	AY.1	6	0.3187845	high	22813:G>T|24410:G>A|25469:C>T|27638:T>C|28461:A>G|29402:G>T
V350082740_L14_83-83_variants	17282	C.37	16	0.8	True	AY.1	6	0.31390450000000003	high	22813:G>T|24410:G>A|25469:C>T|27638:T>C|28461:A>G|29402:G>T
V350082740_L14_32-32_variants	17251	C.37	17	0.85	True	AY.1	6	0.31223049999999997	high	22813:G>T|24410:G>A|25469:C>T|27638:T>C|28461:A>G|29402:G>T
V350082740_L14_44-44_variants	7827	P.1	10	0.625	True	AY.1	6	0.3102695	high	22813:G>T|22995:C>A|24410:G>A|25469:C>T|27638:T>C|28461:A>G
V350082740_L14_16-16_variants	9474	C.37	6	0.3	True	AY.1	6	0.307718	high	22813:G>T|24410:G>A|25469:C>T|27638:T>C|28461:A>G|29402:G>T
V350082740_L14_03-03_variants	705	BA.1	4	0.12121212121212122	True	B.1.1.529	6	0.302022	high	22578:G>A|22992:G>A|23013:A>C|23948:G>T|28271:A>T|28311:C>T
V350082740_L14_90-90_variants	20908	C.37	16	0.8	True	AY.1	6	0.300581	high	22813:G>T|24410:G>A|25469:C>T|27638:T>C|28461:A>G|29402:G>T
V350082740_L14_25-25_variants	15026	P.1	9	0.5625	True	AY.1	6	0.260712	high	22813:G>T|22995:C>A|25469:C>T|27638:T>C|28461:A>G|29402:G>T
V350082740_L14_88-88_variants	16409	B.1.1.529	21	0.5675675675675675	True	BA.4	6	0.1538405	high	21618:C>T|22775:G>A|22917:T>G|23018:T>G|25000:C>T|27788:G>T
V350082740_L14_77-77_variants	10518	C.37	4	0.2	True	B.1.1.529	15	0.100318	medium	10449:C>A|21987:G>A|22578:G>A|22992:G>A|23013:A>C|23055:A>G|23063:A>T|23075:T>C|23525:C>T|23948:G>T|24424:A>T|24469:T>A|26270:C>T|26577:C>G|26709:G>A
V350082740_L14_56-56_variants	21523	B.1.1.529	23	0.6216216216216216	True	P.1	6	0.1071825	medium	12778:C>T|21621:C>A|22812:A>C|28512:C>G|5648:A>C|733:T>C
V350082740_L14_04-04_variants	23429	C.37	4	0.2	True	AY.1	5	0.329575	medium	22813:G>T|24410:G>A|25469:C>T|27638:T>C|28461:A>G
V350082740_L14_05-05_variants	19610	C.37	4	0.2	True	AY.1	5	0.295117	medium	22813:G>T|24410:G>A|25469:C>T|28461:A>G|29402:G>T
V350082740_L14_96-96_variants	19910	B.1.1.529	23	0.6216216216216216	True	AY.1	5	0.287432	medium	24410:G>A|25469:C>T|27638:T>C|28461:A>G|29402:G>T
V350082740_L14_55-55_variants	15503	B.1.1.529	24	0.6486486486486487	True	AY.1	5	0.286954	medium	24410:G>A|25469:C>T|27638:T>C|28461:A>G|29402:G>T
V350082740_L14_33-33_variants	10823	C.37	16	0.8	True	AY.1	5	0.286139	medium	22813:G>T|24410:G>A|25469:C>T|28461:A>G|29402:G>T
V350082740_L14_95-95_variants	10985	B.1.1.529	24	0.6486486486486487	True	AY.1	5	0.284765	medium	24410:G>A|25469:C>T|27638:T>C|28461:A>G|29402:G>T
V350082740_L14_74-74_variants	22827	C.37	16	0.8	True	AY.1	5	0.281393	medium	22813:G>T|25469:C>T|27638:T>C|28461:A>G|29402:G>T
V350082740_L14_62-62_variants	16561	B.1.1.529	24	0.6486486486486487	True	AY.1	5	0.280462	medium	24410:G>A|25469:C>T|27638:T>C|28461:A>G|29402:G>T
V350082740_L14_58-58_variants	16525	B.1.1.529	24	0.6486486486486487	True	AY.1	5	0.268677	medium	24410:G>A|25469:C>T|27638:T>C|28461:A>G|29402:G>T
V350082740_L14_45-45_variants	6876	P.1	10	0.625	True	AY.1	5	0.265258	medium	22813:G>T|22995:C>A|24410:G>A|25469:C>T|28461:A>G
V350082740_L14_92-92_variants	11447	B.1.1.529	23	0.6216216216216216	True	AY.1	5	0.265155	medium	24410:G>A|25469:C>T|27638:T>C|28461:A>G|29402:G>T
V350082740_L14_30-30_variants	13564	P.1	9	0.5625	True	AY.1	5	0.252331	medium	22813:G>T|22995:C>A|25469:C>T|28461:A>G|29402:G>T
V350082740_L14_21-21_variants	9785	C.37	4	0.2	True	AY.1	5	0.249731	medium	22813:G>T|24410:G>A|25469:C>T|28461:A>G|29402:G>T
V350082740_L14_43-43_variants	5972	P.1	10	0.625	True	AY.1	5	0.227606	medium	22813:G>T|22995:C>A|24410:G>A|25469:C>T|28461:A>G
V350082740_L14_48-48_variants	4110	P.1	10	0.625	True	B.1.1.529	5	0.153056	medium	22992:G>A|22995:C>A|23013:A>C|23948:G>T|28311:C>T
V350082740_L14_82-82_variants	11776	B.1.1.529	24	0.6486486486486487	True	BA.2	5	0.150407	medium	21618:C>T|25000:C>T|28881:G>A|28882:G>A|28883:G>C
V350082740_L14_27-27_variants	14916	B.1.427	10	0.6666666666666666	True	B.1.1.529	5	0.135147	medium	10449:C>A|22992:G>A|23013:A>C|23948:G>T|28311:C>T
V350082740_L14_14-14_variants	6723	C.37	4	0.2	True	AY.1	4	0.341237	medium	22813:G>T|24410:G>A|25469:C>T|27638:T>C
V350082740_L14_29-29_variants	14682	C.37	16	0.8	True	AY.1	4	0.33128250000000004	medium	22813:G>T|25469:C>T|27638:T>C|28461:A>G
V350082740_L14_37-37_variants	16795	C.37	4	0.2	True	AY.1	4	0.32044249999999996	medium	22813:G>T|25469:C>T|27638:T>C|28461:A>G
V350082740_L14_24-24_variants	6376	C.37	4	0.2	True	AY.1	4	0.317157	medium	22813:G>T|25469:C>T|27638:T>C|28461:A>G
V350082740_L14_12-12_variants	9036	B.1.427	4	0.26666666666666666	True	AY.1	4	0.30774599999999996	medium	22813:G>T|25469:C>T|27638:T>C|28461:A>G
V350082740_L14_50-50_variants	22070	B.1.1.529	21	0.5675675675675675	True	BA.2	4	0.3039275	medium	21618:C>T|22775:G>A|25000:C>T|9344:C>T
V350082740_L14_09-09_variants	4241	C.37	4	0.2	True	AY.1	4	0.3009985	medium	22813:G>T|24410:G>A|25469:C>T|28461:A>G
V350082740_L14_39-39_variants	5065	C.37	16	0.8	True	AY.1	4	0.29982050000000005	medium	22813:G>T|24410:G>A|25469:C>T|28461:A>G
V350082740_L14_18-18_variants	11115	C.37	6	0.3	True	AY.1	4	0.2972555	medium	22813:G>T|25469:C>T|27638:T>C|28461:A>G
V350082740_L14_08-08_variants	3630	C.37	5	0.25	True	AY.1	4	0.29517499999999997	medium	22813:G>T|25469:C>T|27638:T>C|28461:A>G
V350082740_L14_79-79_variants	23013	B.1.1.529	24	0.6486486486486487	True	AY.1	4	0.2867245	medium	24410:G>A|25469:C>T|27638:T>C|28461:A>G
V350082740_L14_66-66_variants	18641	B.1.1.529	24	0.6486486486486487	True	XE-parent2	4	0.2863805	medium	21618:C>T|22775:G>A|22786:A>C|25000:C>T
V350082740_L14_10-10_variants	11165	B.1.427	4	0.26666666666666666	True	AY.1	4	0.28545200000000004	medium	22813:G>T|25469:C>T|27638:T>C|28461:A>G
V350082740_L14_81-81_variants	11263	B.1.1.529	24	0.6486486486486487	True	AY.1	4	0.235605	medium	24410:G>A|25469:C>T|28461:A>G|29402:G>T
V350082740_L14_87-87_variants	23148	B.1.1.529	23	0.6216216216216216	True	AY.1	4	0.23261300000000001	medium	24410:G>A|25469:C>T|28461:A>G|29402:G>T
V350082740_L14_60-60_variants	21746	B.1.1.529	24	0.6486486486486487	True	AY.1	4	0.228696	medium	24410:G>A|25469:C>T|28461:A>G|29402:G>T
V350082740_L14_02-02_variants	6220	C.37	4	0.2	True	AY.1	4	0.22707149999999998	medium	22813:G>T|25469:C>T|28461:A>G|29402:G>T
V350082740_L14_65-65_variants	21569	B.1.1.529	24	0.6486486486486487	True	AY.1	4	0.226749	medium	25469:C>T|27638:T>C|28461:A>G|29402:G>T
V350082740_L14_23-23_variants	17034	C.37	4	0.2	True	AY.1	4	0.226291	medium	22813:G>T|25469:C>T|28461:A>G|29402:G>T
V350082740_L14_07-07_variants	16503	C.37	4	0.2	True	AY.1	4	0.22601149999999998	medium	22813:G>T|25469:C>T|28461:A>G|29402:G>T
V350082740_L14_69-69_variants	17536	B.1.1.529	24	0.6486486486486487	True	AY.1	4	0.224559	medium	24410:G>A|25469:C>T|28461:A>G|29402:G>T
V350082740_L14_34-34_variants	13179	C.37	16	0.8	True	AY.1	4	0.219197	medium	22813:G>T|25469:C>T|28461:A>G|29402:G>T
V350082740_L14_15-15_variants	11629	C.37	6	0.3	True	AY.1	4	0.21716649999999998	medium	22813:G>T|25469:C>T|28461:A>G|29402:G>T
V350082740_L14_72-72_variants	12406	B.1.1.529	24	0.6486486486486487	True	AY.1	4	0.210333	medium	24410:G>A|25469:C>T|28461:A>G|29402:G>T
V350082740_L14_51-51_variants	10278	B.1.1.529	24	0.6486486486486487	True	AY.1	4	0.2087385	medium	24410:G>A|25469:C>T|28461:A>G|29402:G>T
V350082740_L14_85-85_variants	17322	B.1.1.529	24	0.6486486486486487	True	AY.1	4	0.2083665	medium	24410:G>A|25469:C>T|28461:A>G|29402:G>T
V350082740_L14_57-57_variants	13656	B.1.1.529	24	0.6486486486486487	True	AY.1	4	0.20745650000000002	medium	24410:G>A|25469:C>T|28461:A>G|29402:G>T
V350082740_L14_26-26_variants	16232	C.37	16	0.8	True	AY.1	4	0.20642	medium	22813:G>T|25469:C>T|28461:A>G|29402:G>T
V350082740_L14_20-20_variants	19180	C.37	5	0.25	True	AY.1	4	0.205658	medium	22813:G>T|25469:C>T|28461:A>G|29402:G>T
V350082740_L14_22-22_variants	15332	C.37	6	0.3	True	AY.1	4	0.20157950000000002	medium	22813:G>T|25469:C>T|28461:A>G|29402:G>T
V350082740_L14_64-64_variants	23706	B.1.1.529	24	0.6486486486486487	True	AY.1	4	0.2002855	medium	24410:G>A|25469:C>T|28461:A>G|29402:G>T
V350082740_L14_28-28_variants	11422	C.37	17	0.85	True	AY.1	4	0.19829249999999998	medium	22813:G>T|25469:C>T|28461:A>G|29402:G>T
V350082740_L14_19-19_variants	13547	C.37	6	0.3	True	AY.1	4	0.1962125	medium	22813:G>T|25469:C>T|28461:A>G|29402:G>T
V350082740_L14_11-11_variants	12459	C.37	6	0.3	True	AY.1	4	0.193666	medium	22813:G>T|25469:C>T|28461:A>G|29402:G>T
V350082740_L14_54-54_variants	12675	B.1.1.529	24	0.6486486486486487	True	AY.1	4	0.180425	medium	24410:G>A|25469:C>T|28461:A>G|29402:G>T
V350082740_L14_47-47_variants	1876	C.37	16	0.8	True	B.1.1.529	4	0.1620745	medium	22992:G>A|23013:A>C|23525:C>T|23948:G>T
V350082740_L14_49-49_variants	10562	B.1.1.529	24	0.6486486486486487	True	AY.1	4	0.15540500000000002	medium	24410:G>A|25469:C>T|28461:A>G|29402:G>T
V350082740_L14_67-67_variants	18284	C.37	16	0.8	True	B.1.1.529	4	0.1426395	medium	10449:C>A|22992:G>A|23013:A>C|23948:G>T
V350082740_L14_41-41_variants	3971	C.37	16	0.8	True	B.1.1.529	4	0.1393375	medium	22992:G>A|23013:A>C|23525:C>T|23948:G>T
V350082740_L14_42-42_variants	4832	C.37	16	0.8	True	B.1.1.529	4	0.13787549999999998	medium	22992:G>A|23013:A>C|23525:C>T|23948:G>T
V350082740_L14_46-46_variants	3561	C.37	17	0.85	True	B.1.1.529	4	0.1358585	medium	22992:G>A|23013:A>C|23525:C>T|23948:G>T
V350082740_L14_38-38_variants	9348	C.37	17	0.85	False	AY.1	3	0.364274	low	22813:G>T|27638:T>C|28461:A>G
V350082740_L14_63-63_variants	10159	B.1.1.529	24	0.6486486486486487	False	AY.1	3	0.279356	low	24410:G>A|25469:C>T|28461:A>G
V350082740_L14_93-93_variants	11998	B.1.1.529	24	0.6486486486486487	False	AY.1	3	0.275047	low	24410:G>A|25469:C>T|29402:G>T
V350082740_L14_13-13_variants	10037	C.37	4	0.2	False	AY.1	3	0.274265	low	22813:G>T|25469:C>T|28461:A>G
V350082740_L14_01-01_variants	4110	C.37	4	0.2	False	AY.1	3	0.272309	low	22813:G>T|25469:C>T|28461:A>G
V350082740_L14_52-52_variants	10049	B.1.1.529	24	0.6486486486486487	False	AY.1	3	0.267699	low	24410:G>A|25469:C>T|28461:A>G
V350082740_L14_06-06_variants	14325	C.37	4	0.2	False	AY.1	3	0.265333	low	22813:G>T|25469:C>T|28461:A>G
V350082740_L14_86-86_variants	2992	B.1.1.529	23	0.6216216216216216	False	AY.1	3	0.258543	low	24410:G>A|25469:C>T|28461:A>G
V350082740_L14_94-94_variants	3286	B.1.1.529	23	0.6216216216216216	False	AY.1	3	0.25634	low	24410:G>A|25469:C>T|28461:A>G
V350082740_L14_31-31_variants	7393	C.37	16	0.8	False	AY.1	3	0.251267	low	22813:G>T|25469:C>T|28461:A>G
V350082740_L14_84-84_variants	10942	B.1.1.529	24	0.6486486486486487	False	AY.1	3	0.247344	low	24410:G>A|25469:C>T|28461:A>G
V350082740_L14_35-35_variants	4788	C.37	16	0.8	False	AY.1	3	0.235024	low	22813:G>T|25469:C>T|28461:A>G
V350082740_L14_91-91_variants	17297	B.1.1.529	24	0.6486486486486487	False	AY.1	3	0.165035	low	25469:C>T|28461:A>G|29402:G>T
V350082740_L14_89-89_variants	12912	B.1.1.529	24	0.6486486486486487	False	AY.1	3	0.157204	low	25469:C>T|28461:A>G|29402:G>T
V350082740_L14_80-80_variants	13286	B.1.1.529	24	0.6486486486486487	False	AY.1	3	0.140992	low	25469:C>T|28461:A>G|29402:G>T
V350082740_L14_70-70_variants	20647	B.1.1.529	24	0.6486486486486487	False	C.37	7	0.0913808	medium	10097:G>A|22917:T>A|23031:T>C|24138:C>A|28913:G>T|4002:C>T|9867:T>C
V350082740_L14_78-78_variants	9540	B.1.1.529	24	0.6486486486486487	False	BA.2	2	0.2793595	none	21618:C>T|25000:C>T
