REGION	POS	REF	ALT	REF_DP	REF_RV	REF_QUAL	ALT_DP	ALT_RV	ALT_QUAL	ALT_FREQ	TOTAL_DP	PVAL	PASS	GFF_FEATURE	REF_CODON	REF_AA	ALT_CODON	ALT_AA	mut_key
MN908947.3	10645	C	T	167	87	67	30.0	11	57	0.152284	197.0	3.05235e-10	TRUE						10645:C>T
MN908947.3	10646	A	T	177	85	64	371.0	181	72	0.673321	551.0	7.41948e-156	TRUE						10646:A>T
MN908947.3	10655	A	G	21120	10519	71	60.0	30	71	0.00282965	21204.0	8.00594e-19	TRUE						10655:A>G
MN908947.3	10657	A	G	21148	10534	70	40.0	17	72	0.00188679	21200.0	8.75363e-13	TRUE						10657:A>G
MN908947.3	10667	T	C	21166	10537	72	32.0	20	71	0.00150865	21211.0	2.28045e-10	TRUE						10667:T>C
MN908947.3	10670	G	A	21154	10551	72	34.0	23	72	0.00160445	21191.0	5.64817e-11	TRUE						10670:G>A
MN908947.3	10673	T	C	21171	10539	71	35.0	24	69	0.00165001	21212.0	2.84856e-11	TRUE						10673:T>C
MN908947.3	10674	G	A	21153	10534	71	35.0	18	70	0.00165188	21188.0	2.8088e-11	TRUE						10674:G>A
MN908947.3	10677	T	C	21166	10536	72	30.0	18	71	0.00141489	21203.0	9.17901e-10	TRUE						10677:T>C
MN908947.3	10678	G	A	21078	10490	72	56.0	29	72	0.00264863	21143.0	1.32395e-17	TRUE						10678:G>A
MN908947.3	10679	T	A	20964	10436	72	96.0	52	70	0.00454653	21115.0	1.00119e-29	TRUE						10679:T>A
MN908947.3	10679	T	C	20964	10436	72	48.0	23	72	0.00227327	21115.0	3.0784e-15	TRUE						10679:T>C
MN908947.3	10680	A	G	20583	10220	71	149.0	70	72	0.00717934	20754.0	9.94959e-46	TRUE						10680:A>G
MN908947.3	11589	C	G	2137	1155	62	348.0	173	46	0.139703	2491.0	2.54695e-111	TRUE						11589:C>G
MN908947.3	12174	A	C	332	155	57	50.0	26	72	0.13089	382.0	1.70886e-16	TRUE						12174:A>C
MN908947.3	12232	T	G	204	58	41	273.0	155	67	0.56405	484.0	4.06731e-108	TRUE						12232:T>G
MN908947.3	12293	A	G	7961	4161	65	33.0	15	66	0.00412397	8002.0	1.11009e-10	TRUE						12293:A>G
MN908947.3	12317	T	C	7921	4115	68	38.0	21	65	0.00475416	7993.0	3.21675e-12	TRUE						12317:T>C
MN908947.3	13083	C	G	443	53	36	11148.0	5493	71	0.960041	11612.0	0.0	TRUE						13083:C>G
MN908947.3	13089	A	G	13125	6585	69	39.0	19	68	0.0029597	13177.0	1.73726e-12	TRUE						13089:A>G
MN908947.3	13094	G	A	13140	6581	68	47.0	22	69	0.00356223	13194.0	6.68712e-15	TRUE						13094:G>A
MN908947.3	13098	A	T	13108	6564	69	51.0	20	70	0.00386862	13183.0	4.01474e-16	TRUE						13098:A>T
MN908947.3	13104	A	T	13092	6556	68	47.0	24	67	0.00357007	13165.0	6.21306e-15	TRUE						13104:A>T
MN908947.3	13106	A	G	13049	6543	68	30.0	16	70	0.0022885	13109.0	8.13099e-10	TRUE						13106:A>G
MN908947.3	13107	A	T	13061	6514	69	47.0	25	70	0.00357823	13135.0	6.50727e-15	TRUE						13107:A>T
MN908947.3	13108	A	G	13063	6564	69	63.0	14	52	0.00477671	13189.0	8.650969999999999e-20	TRUE						13108:A>G
MN908947.3	13108	A	T	13063	6564	69	61.0	33	69	0.00462507	13189.0	3.47715e-19	TRUE						13108:A>T
MN908947.3	13110	A	G	13112	6578	68	35.0	17	70	0.00265695	13173.0	2.71567e-11	TRUE						13110:A>G
MN908947.3	13117	A	G	12723	6370	68	54.0	28	67	0.00422139	12792.0	5.09508e-17	TRUE						13117:A>G
MN908947.3	13422	T	A	2099	741	35	36.0	0	35	0.0168303	2139.0	2.30709e-09	TRUE						13422:T>A
MN908947.3	13459	G	+T	1482	1481	35	115.0	0	20	0.0774411	1485.0	2.5795399999999998e-20	TRUE						13459:G>+T
MN908947.3	13536	C	T	1062	991	36	576.0	576	36	0.351434	1639.0	1.40132e-198	TRUE						13536:C>T
MN908947.3	13729	G	-C	713	433	39	70.0	0	20	0.0981767	713.0	9.55409e-14	TRUE						13729:G>-C
MN908947.3	14408	C	T	0	0	0	240.0	99	35	1.0	240.0	1.76011e-143	TRUE						14408:C>T
MN908947.3	14645	C	T	10894	7546	55	268.0	266	37	0.0240057	11164.0	3.90089e-66	TRUE						14645:C>T
MN908947.3	14657	C	-T	11164	7814	55	404.0	0	20	0.0361813	11166.0	5.62399e-39	TRUE						14657:C>-T
MN908947.3	14670	C	A	10896	7630	55	47.0	25	44	0.00423729	11092.0	1.21682e-13	TRUE						14670:C>A
MN908947.3	14670	C	G	10896	7630	55	49.0	37	35	0.0044176	11092.0	2.82991e-07	TRUE						14670:C>G
MN908947.3	14670	C	T	10896	7630	55	100.0	65	39	0.00901551	11092.0	1.16047e-19	TRUE						14670:C>T
MN908947.3	14740	T	G	633	239	36	48.0	20	72	0.070073	685.0	1.35247e-15	TRUE						14740:T>G
MN908947.3	14849	T	A	1067	461	54	231.0	125	71	0.177283	1303.0	2.60247e-75	TRUE						14849:T>A
MN908947.3	14851	T	A	1063	464	54	235.0	125	72	0.18063	1301.0	1.2904500000000001e-76	TRUE						14851:T>A
MN908947.3	14853	T	A	1063	462	54	237.0	127	72	0.181888	1303.0	2.6640600000000003e-77	TRUE						14853:T>A
MN908947.3	15029	A	T	834	832	35	31.0	30	36	0.0356322	870.0	3.29512e-10	TRUE						15029:A>T
MN908947.3	15069	T	C	2556	808	35	169.0	83	71	0.0619048	2730.0	8.0114e-53	TRUE						15069:T>C
MN908947.3	15074	A	G	2828	1014	37	66.0	37	68	0.0227822	2897.0	9.10476e-21	TRUE						15074:A>G
MN908947.3	15103	C	T	1676	0	36	54.0	0	37	0.0311958	1731.0	1.03677e-15	TRUE						15103:C>T
MN908947.3	15238	A	G	104352	53617	36	166.0	85	36	0.00158641	104639.0	9.22992e-05	TRUE						15238:A>G
MN908947.3	15239	A	G	104214	53424	36	183.0	89	36	0.0017491	104625.0	1.63249e-06	TRUE						15239:A>G
MN908947.3	15239	A	T	104214	53424	36	194.0	78	36	0.00185424	104625.0	9.18384e-08	TRUE						15239:A>T
MN908947.3	15240	C	T	104579	53648	36	164.0	87	36	0.00156521	104778.0	0.000144372	TRUE						15240:C>T
MN908947.3	15241	A	G	104557	53734	36	196.0	98	36	0.0018688	104880.0	5.36789e-08	TRUE						15241:A>G
MN908947.3	15242	T	C	104571	53717	36	200.0	102	36	0.00190736	104857.0	1.7955e-08	TRUE						15242:T>C
MN908947.3	15243	G	A	104635	53711	36	146.0	76	35	0.00139321	104794.0	0.00459427	TRUE						15243:G>A
MN908947.3	15244	T	C	104344	53688	36	193.0	98	36	0.00184467	104626.0	1.20163e-07	TRUE						15244:T>C
MN908947.3	15254	T	C	103975	53595	36	227.0	115	36	0.002176	104320.0	4.5326e-12	TRUE						15254:T>C
MN908947.3	15256	T	C	104679	53726	36	162.0	82	36	0.00154484	104865.0	0.00022134	TRUE						15256:T>C
MN908947.3	15258	T	C	104552	53758	36	162.0	79	36	0.00154629	104767.0	0.000211523	TRUE						15258:T>C
MN908947.3	15259	A	G	104558	53762	36	193.0	100	36	0.00184134	104815.0	1.23647e-07	TRUE						15259:A>G
MN908947.3	15261	T	C	104467	53747	36	218.0	107	36	0.00208035	104790.0	8.62721e-11	TRUE						15261:T>C
MN908947.3	15262	G	A	104765	53835	36	175.0	89	36	0.0016673	104960.0	1.22659e-05	TRUE						15262:G>A
MN908947.3	15263	A	G	103927	53601	36	348.0	177	36	0.00333228	104433.0	2.4718500000000003e-32	TRUE						15263:A>G
MN908947.3	15263	A	T	103927	53601	36	145.0	74	36	0.00138845	104433.0	0.00493385	TRUE						15263:A>T
MN908947.3	15264	T	C	104564	53729	36	208.0	104	36	0.00198256	104915.0	1.74773e-09	TRUE						15264:T>C
MN908947.3	15266	T	C	104568	53738	36	145.0	75	36	0.00138392	104775.0	0.00542341	TRUE						15266:T>C
MN908947.3	15267	A	G	104351	53642	36	447.0	233	36	0.0042623	104873.0	4.2163799999999995e-52	TRUE						15267:A>G
MN908947.3	15268	G	A	102388	52573	36	306.0	160	36	0.00297162	102974.0	3.08081e-25	TRUE						15268:G>A
MN908947.3	15268	G	C	102388	52573	36	188.0	98	36	0.0018257	102974.0	2.06365e-07	TRUE						15268:G>C
MN908947.3	15269	A	G	55485	28156	36	148.0	83	36	0.00265647	55713.0	2.20171e-11	TRUE						15269:A>G
MN908947.3	15270	A	C	25529	13261	36	99.0	45	36	0.00385139	25705.0	5.49069e-12	TRUE						15270:A>C
MN908947.3	15270	A	G	25529	13261	36	56.0	21	36	0.00217856	25705.0	0.00034501	TRUE						15270:A>G
MN908947.3	15271	A	G	1356	930	36	121.0	93	35	0.0813172	1488.0	1.13034e-36	TRUE						15271:A>G
MN908947.3	15639	A	G	2472	1433	51	32.0	14	50	0.0127338	2513.0	1.71776e-10	TRUE						15639:A>G
MN908947.3	16085	A	G	345	102	36	52.0	18	72	0.130653	398.0	3.71731e-17	TRUE						16085:A>G
MN908947.3	16235	A	C	535	233	36	35.0	0	35	0.060241	581.0	1.24566e-11	TRUE						16235:A>C
MN908947.3	16350	A	T	6298	3644	61	32.0	18	64	0.00503937	6350.0	2.09621e-10	TRUE						16350:A>T
MN908947.3	16358	T	C	6284	3645	61	54.0	36	66	0.0084879	6362.0	4.49305e-17	TRUE						16358:T>C
MN908947.3	16502	T	A	15456	8093	66	31.0	19	70	0.0019896	15581.0	4.17986e-10	TRUE						16502:T>A
MN908947.3	16502	T	G	15456	8093	66	71.0	38	70	0.00455683	15581.0	3.46256e-22	TRUE						16502:T>G
MN908947.3	16504	T	A	15831	8280	70	40.0	21	70	0.00251636	15896.0	8.60948e-13	TRUE						16504:T>A
MN908947.3	16505	T	A	15939	8422	70	34.0	14	70	0.00212473	16002.0	5.5514e-11	TRUE						16505:T>A
MN908947.3	16506	T	A	15969	8431	70	81.0	52	63	0.0050345	16089.0	3.3958899999999997e-25	TRUE						16506:T>A
MN908947.3	16506	T	C	15969	8431	70	34.0	18	70	0.00211325	16089.0	5.22609e-11	TRUE						16506:T>C
MN908947.3	16507	G	A	15975	8442	68	32.0	22	61	0.00199216	16063.0	2.12913e-10	TRUE						16507:G>A
MN908947.3	16507	G	T	15975	8442	68	40.0	18	69	0.00249019	16063.0	8.17392e-13	TRUE						16507:G>T
MN908947.3	16509	T	A	15911	8414	66	44.0	31	54	0.00274777	16013.0	4.72273e-14	TRUE						16509:T>A
MN908947.3	16509	T	C	15911	8414	66	49.0	19	68	0.00306001	16013.0	1.45068e-15	TRUE						16509:T>C
MN908947.3	16510	T	A	15985	8450	70	53.0	26	68	0.0032952	16084.0	9.8562e-17	TRUE						16510:T>A
MN908947.3	16510	T	C	15985	8450	70	41.0	23	69	0.00254912	16084.0	4.1156e-13	TRUE						16510:T>C
MN908947.3	16511	T	A	15986	8452	69	37.0	21	63	0.00230157	16076.0	6.62639e-12	TRUE						16511:T>A
MN908947.3	16511	T	C	15986	8452	69	49.0	23	67	0.00304802	16076.0	1.58395e-15	TRUE						16511:T>C
MN908947.3	16521	T	C	16034	8474	68	34.0	17	68	0.0021143	16081.0	5.64177e-11	TRUE						16521:T>C
MN908947.3	16524	A	G	15955	8438	69	97.0	49	69	0.00603759	16066.0	4.86415e-30	TRUE						16524:A>G
MN908947.3	16527	T	C	16041	8483	68	37.0	19	70	0.00229971	16089.0	7.03698e-12	TRUE						16527:T>C
MN908947.3	16529	T	A	15951	8435	68	89.0	47	69	0.0055362	16076.0	1.2970699999999998e-27	TRUE						16529:T>A
MN908947.3	16529	T	C	15951	8435	68	34.0	17	71	0.00211495	16076.0	5.1978e-11	TRUE						16529:T>C
MN908947.3	16530	T	C	16036	8476	69	45.0	23	65	0.00279694	16089.0	2.72902e-14	TRUE						16530:T>C
MN908947.3	16535	G	A	786	387	59	37.0	20	66	0.00245309	15083.0	1.1871e-48	TRUE						16535:G>A
MN908947.3	16535	G	C	786	387	59	14171.0	7844	67	0.939535	15083.0	0.0	TRUE						16535:G>C
MN908947.3	16535	G	T	786	387	59	89.0	47	70	0.00590068	15083.0	7.41517e-115	TRUE						16535:G>T
MN908947.3	16650	C	T	222	124	36	31.0	0	34	0.12253	253.0	1.86437e-10	TRUE						16650:C>T
MN908947.3	16889	A	G	710	390	59	176.0	143	46	0.198646	886.0	7.35234e-58	TRUE						16889:A>G
MN908947.3	16919	C	T	7982	4114	67	46.0	24	72	0.0057079	8059.0	1.22236e-14	TRUE						16919:C>T
MN908947.3	1786	T	A	5660	2754	64	32.0	14	69	0.00560322	5711.0	2.11875e-10	TRUE						1786:T>A
MN908947.3	17919	T	A	1445	440	53	207.0	100	70	0.125151	1654.0	4.6462899999999997e-66	TRUE						17919:T>A
MN908947.3	18350	A	G	3504	1751	70	36.0	23	70	0.0101067	3562.0	1.19581e-11	TRUE						18350:A>G
MN908947.3	18520	G	A	9344	4766	68	35.0	0	35	0.00372618	9393.0	5.11358e-05	TRUE						18520:G>A
MN908947.3	18529	A	T	9176	4657	68	222.0	106	69	0.023602	9406.0	2.26753e-68	TRUE						18529:A>T
MN908947.3	18530	T	-A	9421	4759	67	286.0	0	20	0.0302774	9446.0	3.20386e-23	TRUE						18530:T>-A
MN908947.3	18539	T	-A	9403	4761	68	154.0	0	20	0.0163136	9440.0	0.000112226	TRUE						18539:T>-A
MN908947.3	18548	T	C	9321	4679	68	48.0	40	47	0.00508313	9443.0	2.77455e-15	TRUE						18548:T>C
MN908947.3	18548	T	G	9321	4679	68	62.0	47	51	0.00656571	9443.0	1.61277e-19	TRUE						18548:T>G
MN908947.3	19291	A	T	20	20	36	72.0	66	42	0.699029	103.0	3.79836e-35	TRUE						19291:A>T
MN908947.3	19292	G	A	74741	36935	72	209.0	103	70	0.00278433	75063.0	8.991429999999999e-64	TRUE						19292:G>A
MN908947.3	19292	G	C	74741	36935	72	39.0	11	51	0.000519564	75063.0	1.68177e-12	TRUE						19292:G>C
MN908947.3	19292	G	T	74741	36935	72	74.0	41	71	0.000985839	75063.0	4.60168e-23	TRUE						19292:G>T
MN908947.3	19293	T	A	74825	36983	72	128.0	68	68	0.00170007	75291.0	2.0879e-39	TRUE						19293:T>A
MN908947.3	19293	T	C	74825	36983	72	137.0	70	72	0.00181961	75291.0	3.99755e-42	TRUE						19293:T>C
MN908947.3	19293	T	G	74825	36983	72	201.0	96	73	0.00266964	75291.0	1.91059e-61	TRUE						19293:T>G
MN908947.3	19294	T	A	75195	37122	72	46.0	24	72	0.000610031	75406.0	1.34236e-14	TRUE						19294:T>A
MN908947.3	19294	T	C	75195	37122	72	158.0	66	73	0.00209532	75406.0	2.3866900000000002e-48	TRUE						19294:T>C
MN908947.3	19295	T	A	75196	37106	72	45.0	25	69	0.000596698	75415.0	2.68123e-14	TRUE						19295:T>A
MN908947.3	19295	T	C	75196	37106	72	162.0	79	73	0.00214811	75415.0	1.47697e-49	TRUE						19295:T>C
MN908947.3	19296	G	A	75340	37192	72	66.0	33	72	0.000875169	75414.0	1.3302699999999998e-20	TRUE						19296:G>A
MN908947.3	19297	T	C	75295	37180	72	67.0	33	72	0.000888677	75393.0	6.57737e-21	TRUE						19297:T>C
MN908947.3	19298	A	G	75298	37154	72	114.0	54	72	0.00151166	75414.0	4.5925e-35	TRUE						19298:A>G
MN908947.3	19299	T	C	75173	37004	72	131.0	53	72	0.00173911	75326.0	3.1490900000000004e-40	TRUE						19299:T>C
MN908947.3	19300	G	A	75344	37228	71	56.0	23	71	0.000742548	75416.0	1.36401e-17	TRUE						19300:G>A
MN908947.3	19301	T	C	75275	37160	72	101.0	54	72	0.00133972	75389.0	3.76602e-31	TRUE						19301:T>C
MN908947.3	19302	A	G	75267	37158	72	77.0	41	72	0.00102188	75351.0	6.3361e-24	TRUE						19302:A>G
MN908947.3	19303	A	G	75238	37153	72	109.0	45	72	0.00144583	75389.0	1.43734e-33	TRUE						19303:A>G
MN908947.3	19303	A	T	75238	37153	72	32.0	13	59	0.000424465	75389.0	2.2627e-10	TRUE						19303:A>T
MN908947.3	19310	A	-T	75383	37211	72	1948.0	0	20	0.0258407	75385.0	1.39166e-116	TRUE						19310:A>-T
MN908947.3	19311	T	C	73167	36097	72	247.0	127	73	0.00336283	73450.0	1.2976400000000001e-76	TRUE						19311:T>C
MN908947.3	19312	G	A	75283	37141	72	61.0	35	73	0.000809416	75363.0	4.16137e-19	TRUE						19312:G>A
MN908947.3	19313	C	T	75277	37135	72	121.0	66	73	0.00160441	75417.0	3.51906e-37	TRUE						19313:C>T
MN908947.3	19314	A	G	74811	36906	72	125.0	59	73	0.00166782	74948.0	1.51794e-38	TRUE						19314:A>G
MN908947.3	19315	T	A	75055	37024	72	72.0	44	73	0.000955389	75362.0	1.81714e-22	TRUE						19315:T>A
MN908947.3	19315	T	C	75055	37024	72	223.0	115	71	0.00295905	75362.0	5.16681e-68	TRUE						19315:T>C
MN908947.3	19316	T	A	75209	37113	72	38.0	19	73	0.000504066	75387.0	3.48209e-12	TRUE						19316:T>A
MN908947.3	19316	T	C	75209	37113	72	138.0	69	72	0.00183055	75387.0	2.5627899999999997e-42	TRUE						19316:T>C
MN908947.3	19317	C	T	75122	37129	71	100.0	51	71	0.00132933	75226.0	6.73669e-31	TRUE						19317:C>T
MN908947.3	19323	A	C	696	173	49	1711.0	859	72	0.706441	2422.0	0.0	TRUE						19323:A>C
MN908947.3	19324	C	A	613	211	46	33.0	15	67	0.0509259	648.0	7.45933e-11	TRUE						19324:C>A
MN908947.3	19533	T	C	4639	2286	72	30.0	14	65	0.00642123	4672.0	8.7462e-10	TRUE						19533:T>C
MN908947.3	19542	G	T	673	307	65	3995.0	1993	72	0.854545	4675.0	0.0	TRUE						19542:G>T
MN908947.3	19547	C	A	158	65	53	3962.0	1981	71	0.952862	4158.0	0.0	TRUE						19547:C>A
MN908947.3	19564	T	A	350	195	63	38.0	15	57	0.0976864	389.0	1.40367e-12	TRUE						19564:T>A
MN908947.3	19641	T	-A	2533	1235	70	46.0	0	20	0.0181531	2534.0	0.00997378	TRUE						19641:T>-A
MN908947.3	19658	G	C	52	25	51	1372.0	675	72	0.957432	1433.0	0.0	TRUE						19658:G>C
MN908947.3	19900	G	C	190	114	37	685.0	331	73	0.775764	883.0	6.65105e-312	TRUE						19900:G>C
MN908947.3	20031	C	T	159	114	43	269.0	2	36	0.625581	430.0	1.5783099999999999e-109	TRUE						20031:C>T
MN908947.3	2037	C	T	488	482	36	32.0	8	57	0.0615385	520.0	1.46887e-10	TRUE						2037:C>T
MN908947.3	2038	T	C	5850	2617	52	46.0	16	59	0.00778474	5909.0	1.24164e-14	TRUE						2038:T>C
MN908947.3	2047	T	A	7363	3297	55	32.0	20	59	0.00427579	7484.0	1.78714e-10	TRUE						2047:T>A
MN908947.3	2047	T	C	7363	3297	55	83.0	35	61	0.0110903	7484.0	6.01239e-26	TRUE						2047:T>C
MN908947.3	2048	C	A	7370	3260	53	33.0	14	54	0.00442478	7458.0	9.78442e-11	TRUE						2048:C>A
MN908947.3	2048	C	T	7370	3260	53	51.0	21	58	0.00683829	7458.0	3.50235e-16	TRUE						2048:C>T
MN908947.3	2049	T	C	7417	3310	54	58.0	26	62	0.00772612	7507.0	2.63788e-18	TRUE						2049:T>C
MN908947.3	2050	A	T	7375	3334	54	35.0	23	62	0.00471254	7427.0	2.54964e-11	TRUE						2050:A>T
MN908947.3	2052	T	A	7403	3353	56	30.0	13	61	0.00401284	7476.0	8.16023e-10	TRUE						2052:T>A
MN908947.3	2052	T	C	7403	3353	56	39.0	17	59	0.00521669	7476.0	1.55012e-12	TRUE						2052:T>C
MN908947.3	2060	G	A	7409	3320	54	31.0	12	54	0.00416331	7446.0	4.44767e-10	TRUE						2060:G>A
MN908947.3	2063	T	A	7400	3271	54	32.0	17	57	0.00428954	7460.0	2.09732e-10	TRUE						2063:T>A
MN908947.3	20721	A	T	244	128	65	42.0	17	72	0.146341	287.0	4.4788e-14	TRUE						20721:A>T
MN908947.3	20823	C	-A	102	45	64	76.0	0	20	0.730769	104.0	1.46576e-17	TRUE						20823:C>-A
MN908947.3	21174	A	T	8807	5685	59	33.0	19	68	0.00372334	8863.0	1.08033e-10	TRUE						21174:A>T
MN908947.3	21177	A	G	8751	5618	59	30.0	18	60	0.0034087	8801.0	8.79478e-10	TRUE						21177:A>G
MN908947.3	21184	T	C	8696	5604	59	86.0	51	64	0.00973071	8838.0	8.00842e-27	TRUE						21184:T>C
MN908947.3	21184	T	G	8696	5604	59	33.0	25	63	0.00373388	8838.0	9.21262e-11	TRUE						21184:T>G
MN908947.3	21431	C	G	11896	6165	67	34.0	20	69	0.00282462	12037.0	4.8894e-11	TRUE						21431:C>G
MN908947.3	21431	C	T	11896	6165	67	90.0	46	70	0.00747695	12037.0	5.66081e-28	TRUE						21431:C>T
MN908947.3	21437	T	C	12113	6310	67	45.0	24	56	0.00369731	12171.0	2.64402e-14	TRUE						21437:T>C
MN908947.3	21442	T	C	12103	6302	68	33.0	19	66	0.00271672	12147.0	1.12063e-10	TRUE						21442:T>C
MN908947.3	21455	A	G	12085	6305	67	39.0	21	64	0.00321093	12146.0	1.64893e-12	TRUE						21455:A>G
MN908947.3	21462	T	C	11920	6280	68	34.0	22	64	0.00284233	11962.0	5.51042e-11	TRUE						21462:T>C
MN908947.3	21464	A	G	11254	5949	68	33.0	16	68	0.00291829	11308.0	1.10443e-10	TRUE						21464:A>G
MN908947.3	21465	T	C	10988	5781	67	107.0	66	67	0.00952296	11236.0	2.42831e-33	TRUE						21465:T>C
MN908947.3	21465	T	G	10988	5781	67	119.0	60	72	0.010591	11236.0	5.51699e-37	TRUE						21465:T>G
MN908947.3	21466	A	G	3374	1618	65	33.0	15	70	0.00966891	3413.0	1.05114e-10	TRUE						21466:A>G
MN908947.3	21614	C	T	1202	714	59	110.0	53	72	0.0834598	1318.0	5.7287e-35	TRUE						21614:C>T
MN908947.3	22227	C	T	391	90	35	148.0	0	36	0.274583	539.0	2.58883e-50	TRUE						22227:C>T
MN908947.3	22334	T	C	197	30	36	397.0	396	35	0.66835	594.0	3.33305e-165	TRUE						22334:T>C
MN908947.3	22578	G	A	119	108	35	59.0	55	35	0.331461	178.0	6.36562e-21	TRUE						22578:G>A
MN908947.3	22692	T	A	11840	5790	70	45.0	25	70	0.00374844	12005.0	2.17692e-14	TRUE						22692:T>A
MN908947.3	22692	T	C	11840	5790	70	108.0	60	68	0.00899625	12005.0	1.87602e-33	TRUE						22692:T>C
MN908947.3	22695	A	G	12029	5885	69	36.0	19	71	0.00297841	12087.0	1.3739e-11	TRUE						22695:A>G
MN908947.3	22701	A	G	11971	5860	69	33.0	17	71	0.00273677	12058.0	1.00643e-10	TRUE						22701:A>G
MN908947.3	22701	A	T	11971	5860	69	52.0	23	72	0.00431249	12058.0	1.80213e-16	TRUE						22701:A>T
MN908947.3	22702	T	A	12014	5879	67	31.0	17	68	0.00256601	12081.0	4.26101e-10	TRUE						22702:T>A
MN908947.3	22702	T	C	12014	5879	67	32.0	14	65	0.00264879	12081.0	2.12583e-10	TRUE						22702:T>C
MN908947.3	22703	G	A	12010	5875	70	37.0	19	71	0.00306952	12054.0	6.52428e-12	TRUE						22703:G>A
MN908947.3	22705	A	G	11892	5838	68	66.0	32	70	0.00548628	12030.0	9.453419999999999e-21	TRUE						22705:A>G
MN908947.3	22705	A	T	11892	5838	68	65.0	39	70	0.00540316	12030.0	1.8984299999999998e-20	TRUE						22705:A>T
MN908947.3	22711	T	A	11988	5853	66	31.0	14	69	0.00257069	12059.0	4.18411e-10	TRUE						22711:T>A
MN908947.3	22711	T	C	11988	5853	66	38.0	24	71	0.00315117	12059.0	3.20858e-12	TRUE						22711:T>C
MN908947.3	22712	C	T	11984	5859	70	40.0	21	68	0.00331813	12055.0	7.82412e-13	TRUE						22712:C>T
MN908947.3	22713	C	T	12031	5894	69	35.0	17	70	0.00289424	12093.0	2.71063e-11	TRUE						22713:C>T
MN908947.3	22715	A	G	11984	5864	69	35.0	22	69	0.00289879	12074.0	2.57541e-11	TRUE						22715:A>G
MN908947.3	22715	A	T	11984	5864	69	54.0	26	66	0.00447242	12074.0	4.69623e-17	TRUE						22715:A>T
MN908947.3	22716	C	T	12008	5878	69	40.0	17	70	0.00331236	12076.0	8.09021e-13	TRUE						22716:C>T
MN908947.3	22718	A	G	12001	5873	69	31.0	17	69	0.00256878	12068.0	4.2442e-10	TRUE						22718:A>G
MN908947.3	22718	A	T	12001	5873	69	34.0	19	64	0.00281737	12068.0	5.26904e-11	TRUE						22718:A>T
MN908947.3	22719	A	G	11999	5860	71	44.0	24	71	0.00364178	12082.0	5.09848e-14	TRUE						22719:A>G
MN908947.3	22719	A	T	11999	5860	71	37.0	22	69	0.00306241	12082.0	6.60424e-12	TRUE						22719:A>T
MN908947.3	22720	A	G	11973	5856	70	47.0	26	70	0.00389234	12075.0	6.11197e-15	TRUE						22720:A>G
MN908947.3	22720	A	T	11973	5856	70	50.0	26	71	0.00414079	12075.0	7.5906e-16	TRUE						22720:A>T
MN908947.3	22804	A	C	327	265	40	64.0	34	73	0.163683	391.0	3.55638e-21	TRUE						22804:A>C
MN908947.3	22813	G	T	1018	606	49	543.0	292	43	0.347409	1563.0	2.59207e-189	TRUE						22813:G>T
MN908947.3	22839	C	G	1309	674	44	35.0	35	22	0.0258112	1356.0	0.000866379	TRUE						22839:C>G
MN908947.3	22881	A	C	9667	4799	64	30.0	13	63	0.00306717	9781.0	8.01055e-10	TRUE						22881:A>C
MN908947.3	22881	A	G	9667	4799	64	66.0	36	62	0.00674778	9781.0	1.03458e-20	TRUE						22881:A>G
MN908947.3	22882	T	A	9796	4845	64	50.0	18	60	0.00505459	9892.0	7.44369e-16	TRUE						22882:T>A
MN908947.3	22882	T	C	9796	4845	64	42.0	18	58	0.00424586	9892.0	1.94347e-13	TRUE						22882:T>C
MN908947.3	22884	T	A	10259	5096	64	36.0	17	58	0.00348972	10316.0	1.32749e-11	TRUE						22884:T>A
MN908947.3	22888	T	C	10417	5168	64	45.0	22	56	0.00428776	10495.0	2.42902e-14	TRUE						22888:T>C
MN908947.3	22889	T	C	10407	5143	63	42.0	21	55	0.00401606	10458.0	2.13834e-13	TRUE						22889:T>C
MN908947.3	22891	T	A	10416	5141	62	30.0	20	48	0.0028667	10465.0	1.4055e-08	TRUE						22891:T>A
MN908947.3	22896	T	A	10322	5161	63	30.0	19	54	0.00288711	10391.0	8.43337e-10	TRUE						22896:T>A
MN908947.3	22896	T	C	10322	5161	63	36.0	18	51	0.00346454	10391.0	1.2986e-11	TRUE						22896:T>C
MN908947.3	22992	G	A	147	46	36	60.0	5	35	0.289855	207.0	6.72195e-21	TRUE						22992:G>A
MN908947.3	22995	C	A	89	46	36	117.0	5	35	0.567961	206.0	2.43011e-46	TRUE						22995:C>A
MN908947.3	23013	A	C	146	46	36	65.0	5	36	0.308057	211.0	9.225840000000001e-23	TRUE						23013:A>C
MN908947.3	23040	A	G	86	0	36	80.0	0	35	0.481928	166.0	3.22607e-30	TRUE						23040:A>G
MN908947.3	23055	A	G	80	0	35	78.0	0	35	0.493671	158.0	1.18569e-29	TRUE						23055:A>G
MN908947.3	23063	A	T	79	0	36	81.0	1	36	0.50625	160.0	5.65186e-31	TRUE						23063:A>T
MN908947.3	23075	T	C	154	74	36	157.0	77	36	0.503205	312.0	1.22362e-59	TRUE						23075:T>C
MN908947.3	23082	C	T	342	168	38	34.0	15	65	0.0904255	376.0	2.79162e-11	TRUE						23082:C>T
MN908947.3	23083	A	G	7507	4179	58	40.0	12	61	0.00527218	7587.0	7.78777e-13	TRUE						23083:A>G
MN908947.3	23102	T	C	7754	4376	60	40.0	31	54	0.00511313	7823.0	8.02943e-13	TRUE						23102:T>C
MN908947.3	23104	T	A	7718	4369	60	42.0	20	61	0.00538807	7795.0	1.76077e-13	TRUE						23104:T>A
MN908947.3	23104	T	C	7718	4369	60	30.0	21	58	0.00384862	7795.0	7.6685e-10	TRUE						23104:T>C
MN908947.3	23106	T	C	7757	4397	61	49.0	25	61	0.00625559	7833.0	1.51316e-15	TRUE						23106:T>C
MN908947.3	23107	T	A	7751	4393	60	47.0	25	58	0.00599949	7834.0	5.9645e-15	TRUE						23107:T>A
MN908947.3	23107	T	C	7751	4393	60	34.0	17	54	0.00434006	7834.0	5.0559e-11	TRUE						23107:T>C
MN908947.3	23112	T	C	7771	4390	60	43.0	30	52	0.0054924	7829.0	1.03229e-13	TRUE						23112:T>C
MN908947.3	23118	A	T	316	192	41	40.0	24	69	0.112045	357.0	2.68979e-13	TRUE						23118:A>T
MN908947.3	23348	A	G	4847	2478	71	130.0	65	71	0.0259585	5008.0	2.1106600000000003e-40	TRUE						23348:A>G
MN908947.3	23358	C	T	12267	6303	63	117.0	63	71	0.00943853	12396.0	2.80915e-36	TRUE						23358:C>T
MN908947.3	23359	A	G	12190	6132	63	84.0	51	70	0.00683093	12297.0	3.9632e-26	TRUE						23359:A>G
MN908947.3	23360	C	T	12394	6357	64	34.0	19	67	0.00273444	12434.0	5.42467e-11	TRUE						23360:C>T
MN908947.3	23368	A	G	12439	6375	64	33.0	11	67	0.0026419	12491.0	1.07388e-10	TRUE						23368:A>G
MN908947.3	23379	A	C	12228	6204	63	48.0	30	60	0.00388224	12364.0	2.8626e-15	TRUE						23379:A>C
MN908947.3	23379	A	T	12228	6204	63	69.0	43	53	0.00558072	12364.0	1.2792799999999999e-21	TRUE						23379:A>T
MN908947.3	23380	C	T	12301	6305	63	37.0	24	57	0.00299304	12362.0	6.84179e-12	TRUE						23380:C>T
MN908947.3	23381	C	A	33	9	44	148.0	77	42	0.808743	183.0	1.0281300000000001e-69	TRUE						23381:C>A
MN908947.3	2347	T	C	685	349	36	69.0	36	36	0.0915119	754.0	3.47712e-22	TRUE						2347:T>C
MN908947.3	23525	C	T	15	7	53	80.0	37	36	0.8	100.0	1.51167e-39	TRUE						23525:C>T
MN908947.3	23526	A	C	5318	1975	57	38.0	19	66	0.00700978	5421.0	2.71508e-12	TRUE						23526:A>C
MN908947.3	23526	A	G	5318	1975	57	54.0	20	65	0.00996126	5421.0	3.81459e-17	TRUE						23526:A>G
MN908947.3	23548	T	C	5315	2000	57	30.0	19	55	0.00559388	5363.0	8.52408e-10	TRUE						23548:T>C
MN908947.3	23709	C	T	292	88	43	64.0	44	59	0.179775	356.0	2.64682e-21	TRUE						23709:C>T
MN908947.3	23948	G	T	137	64	49	72.0	23	47	0.342857	210.0	1.25629e-25	TRUE						23948:G>T
MN908947.3	2416	C	T	724	256	36	133.0	133	36	0.155193	857.0	3.27043e-43	TRUE						2416:C>T
MN908947.3	24329	A	G	10044	5312	54	50.0	31	59	0.00494707	10107.0	8.11266e-16	TRUE						24329:A>G
MN908947.3	24331	T	C	10310	5286	59	34.0	18	63	0.00328217	10359.0	5.53589e-11	TRUE						24331:T>C
MN908947.3	24332	G	A	10287	5277	57	56.0	32	63	0.00541324	10345.0	1.27753e-17	TRUE						24332:G>A
MN908947.3	24333	C	T	10228	5245	58	44.0	23	57	0.00426853	10308.0	4.91876e-14	TRUE						24333:C>T
MN908947.3	24335	A	G	10258	5272	58	31.0	19	57	0.00300329	10322.0	4.24774e-10	TRUE						24335:A>G
MN908947.3	24335	A	T	10258	5272	58	30.0	21	62	0.00290641	10322.0	8.51447e-10	TRUE						24335:A>T
MN908947.3	24336	A	G	10278	5257	58	30.0	17	63	0.00290613	10323.0	8.93454e-10	TRUE						24336:A>G
MN908947.3	24345	A	G	10288	5291	59	48.0	23	53	0.00462963	10368.0	3.11543e-15	TRUE						24345:A>G
MN908947.3	24348	G	A	10225	5279	57	47.0	29	57	0.00456355	10299.0	6.13684e-15	TRUE						24348:G>A
MN908947.3	24349	T	A	10244	5274	58	45.0	22	59	0.00435161	10341.0	2.39631e-14	TRUE						24349:T>A
MN908947.3	24349	T	C	10244	5274	58	34.0	14	57	0.00328788	10341.0	5.07014e-11	TRUE						24349:T>C
MN908947.3	24350	G	A	10201	5253	58	121.0	74	59	0.0117101	10333.0	2.46102e-37	TRUE						24350:G>A
MN908947.3	24351	C	G	10199	5240	58	82.0	51	63	0.00793497	10334.0	1.38956e-25	TRUE						24351:C>G
MN908947.3	24351	C	T	10199	5240	58	34.0	21	60	0.00329011	10334.0	4.74237e-11	TRUE						24351:C>T
MN908947.3	24353	A	G	9011	4647	56	34.0	23	59	0.00373339	9107.0	5.03192e-11	TRUE						24353:A>G
MN908947.3	24353	A	T	9011	4647	56	58.0	32	57	0.00636873	9107.0	2.81283e-18	TRUE						24353:A>T
MN908947.3	24355	T	C	8280	4230	56	47.0	35	59	0.00561194	8375.0	5.83066e-15	TRUE						24355:T>C
MN908947.3	2475	A	G	567	120	51	145.0	0	36	0.201669	719.0	3.31412e-48	TRUE						2475:A>G
MN908947.3	24872	G	A	277	175	56	70.0	35	71	0.201729	347.0	1.9549500000000001e-23	TRUE						24872:G>A
MN908947.3	24937	C	T	6377	3172	56	37.0	12	60	0.00573466	6452.0	6.20772e-12	TRUE						24937:C>T
MN908947.3	24946	T	C	6785	3451	58	32.0	18	55	0.00468727	6827.0	2.19282e-10	TRUE						24946:T>C
MN908947.3	24958	T	C	6758	3419	58	31.0	24	59	0.0045528	6809.0	4.09757e-10	TRUE						24958:T>C
MN908947.3	24960	T	C	6637	3271	54	46.0	29	61	0.00685442	6711.0	1.16158e-14	TRUE						24960:T>C
MN908947.3	24971	G	A	3673	2263	52	30.0	18	64	0.00805585	3724.0	8.09624e-10	TRUE						24971:G>A
MN908947.3	2508	C	T	460	458	35	259.0	118	70	0.35823	723.0	2.3576e-91	TRUE						2508:C>T
MN908947.3	2544	C	G	744	526	38	153.0	83	71	0.17	900.0	6.08373e-50	TRUE						2544:C>G
MN908947.3	25469	C	T	340	71	36	231.0	0	36	0.404553	571.0	5.8150600000000005e-83	TRUE						25469:C>T
MN908947.3	25584	C	T	22	7	35	503.0	503	35	0.954459	527.0	1.7520199999999999e-276	TRUE						25584:C>T
MN908947.3	25748	A	-C	1832	901	62	60.0	0	20	0.0326975	1835.0	1.51634e-06	TRUE						25748:A>-C
MN908947.3	25760	T	C	1006	464	59	831.0	445	63	0.452368	1837.0	1.92776e-304	TRUE						25760:T>C
MN908947.3	25829	T	A	196	131	41	526.0	262	72	0.724518	726.0	4.48474e-229	TRUE						25829:T>A
MN908947.3	25847	A	C	242	159	44	310.0	151	71	0.552585	561.0	4.5123000000000003e-122	TRUE						25847:A>C
MN908947.3	25850	G	A	39126	16717	59	194.0	81	66	0.00491899	39439.0	2.3445199999999998e-59	TRUE						25850:G>A
MN908947.3	25850	G	C	39126	16717	59	53.0	21	61	0.00134385	39439.0	9.15771e-17	TRUE						25850:G>C
MN908947.3	25850	G	T	39126	16717	59	66.0	27	67	0.00167347	39439.0	1.0721899999999999e-20	TRUE						25850:G>T
MN908947.3	25851	T	A	38931	17575	59	33.0	11	64	0.000844595	39072.0	1.10509e-10	TRUE						25851:T>A
MN908947.3	25851	T	C	38931	17575	59	87.0	35	61	0.00222666	39072.0	5.80604e-27	TRUE						25851:T>C
MN908947.3	25852	T	C	39556	17569	60	49.0	18	61	0.00123647	39629.0	1.72543e-15	TRUE						25852:T>C
MN908947.3	25853	A	G	39513	17630	58	95.0	35	64	0.00239609	39648.0	2.26318e-29	TRUE						25853:A>G
MN908947.3	25853	A	T	39513	17630	58	37.0	17	59	0.000933212	39648.0	6.87891e-12	TRUE						25853:A>T
MN908947.3	25854	C	A	39491	17576	60	32.0	10	56	0.000806858	39660.0	2.12881e-10	TRUE						25854:C>A
MN908947.3	25854	C	G	39491	17576	60	46.0	15	56	0.00115986	39660.0	1.2545e-14	TRUE						25854:C>G
MN908947.3	25854	C	T	39491	17576	60	91.0	40	62	0.0022945	39660.0	3.23906e-28	TRUE						25854:C>T
MN908947.3	25855	G	A	39358	17535	60	111.0	50	67	0.00280991	39503.0	2.36216e-34	TRUE						25855:G>A
MN908947.3	25856	A	G	39216	17582	59	114.0	59	63	0.00288915	39458.0	3.38806e-35	TRUE						25856:A>G
MN908947.3	25856	A	T	39216	17582	59	115.0	51	57	0.00291449	39458.0	1.69005e-35	TRUE						25856:A>T
MN908947.3	25857	C	T	39521	17451	58	80.0	36	65	0.00201903	39623.0	7.625449999999999e-25	TRUE						25857:C>T
MN908947.3	25858	T	A	39589	17620	60	33.0	19	58	0.000830962	39713.0	1.10145e-10	TRUE						25858:T>A
MN908947.3	25858	T	C	39589	17620	60	80.0	39	62	0.00201445	39713.0	7.40678e-25	TRUE						25858:T>C
MN908947.3	25859	A	G	39561	17567	59	102.0	45	61	0.00256927	39700.0	1.71516e-31	TRUE						25859:A>G
MN908947.3	25859	A	T	39561	17567	59	30.0	20	55	0.000755668	39700.0	8.81732e-10	TRUE						25859:A>T
MN908947.3	25860	T	A	39592	17617	62	31.0	16	64	0.000780345	39726.0	4.35721e-10	TRUE						25860:T>A
MN908947.3	25860	T	C	39592	17617	62	99.0	41	62	0.00249207	39726.0	1.33148e-30	TRUE						25860:T>C
MN908947.3	25861	T	A	39607	17628	62	45.0	14	68	0.00113182	39759.0	2.62816e-14	TRUE						25861:T>A
MN908947.3	25861	T	C	39607	17628	62	101.0	54	63	0.00254031	39759.0	3.42903e-31	TRUE						25861:T>C
MN908947.3	25862	G	A	39636	17613	59	79.0	30	61	0.00198877	39723.0	1.5461000000000001e-24	TRUE						25862:G>A
MN908947.3	25863	T	A	39538	17611	60	43.0	24	58	0.00108427	39658.0	1.0372e-13	TRUE						25863:T>A
MN908947.3	25863	T	C	39538	17611	60	71.0	27	61	0.00179031	39658.0	3.6858699999999997e-22	TRUE						25863:T>C
MN908947.3	25864	A	G	39400	17542	60	98.0	56	62	0.002472	39644.0	2.28151e-30	TRUE						25864:A>G
MN908947.3	25864	A	T	39400	17542	60	134.0	65	61	0.00338008	39644.0	3.03888e-41	TRUE						25864:A>T
MN908947.3	25867	C	T	39610	17628	61	39.0	25	57	0.000983036	39673.0	1.74538e-12	TRUE						25867:C>T
MN908947.3	25868	C	T	39650	17622	60	57.0	36	59	0.00143436	39739.0	6.63676e-18	TRUE						25868:C>T
MN908947.3	25869	T	A	39366	17507	61	98.0	45	58	0.00247719	39561.0	2.12803e-30	TRUE						25869:T>A
MN908947.3	25869	T	C	39366	17507	61	79.0	35	61	0.00199692	39561.0	1.1928000000000001e-24	TRUE						25869:T>C
MN908947.3	25870	T	C	39624	17562	59	74.0	33	59	0.00186248	39732.0	4.8882700000000004e-23	TRUE						25870:T>C
MN908947.3	25871	A	G	39414	17518	59	109.0	45	64	0.00274947	39644.0	1.08553e-33	TRUE						25871:A>G
MN908947.3	25871	A	T	39414	17518	59	104.0	50	59	0.00262335	39644.0	3.51832e-32	TRUE						25871:A>T
MN908947.3	25872	C	T	39600	17616	60	116.0	58	63	0.00291883	39742.0	1.01227e-35	TRUE						25872:C>T
MN908947.3	25873	A	G	39453	17556	61	158.0	64	61	0.00398336	39665.0	1.72084e-48	TRUE						25873:A>G
MN908947.3	25873	A	T	39453	17556	61	47.0	27	62	0.00118492	39665.0	5.98782e-15	TRUE						25873:A>T
MN908947.3	25874	A	G	39554	17566	61	143.0	80	60	0.00359595	39767.0	6.91744e-44	TRUE						25874:A>G
MN908947.3	25874	A	T	39554	17566	61	53.0	26	62	0.00133276	39767.0	9.78407e-17	TRUE						25874:A>T
MN908947.3	25875	T	C	39559	17617	59	77.0	36	60	0.00194116	39667.0	5.8834600000000004e-24	TRUE						25875:T>C
MN908947.3	25876	A	G	39559	17627	58	101.0	40	63	0.00254222	39729.0	3.34226e-31	TRUE						25876:A>G
MN908947.3	25876	A	T	39559	17627	58	61.0	34	61	0.0015354	39729.0	3.86393e-19	TRUE						25876:A>T
MN908947.3	25877	G	A	39552	17667	59	87.0	38	65	0.00219359	39661.0	5.8670799999999996e-27	TRUE						25877:G>A
MN908947.3	25878	T	A	39411	17539	60	71.0	27	54	0.00179202	39620.0	3.5446899999999998e-22	TRUE						25878:T>A
MN908947.3	25878	T	C	39411	17539	60	117.0	58	57	0.00295305	39620.0	4.64469e-36	TRUE						25878:T>C
MN908947.3	25879	G	A	39626	17602	61	40.0	23	63	0.00100819	39675.0	8.87966e-13	TRUE						25879:G>A
MN908947.3	25881	A	G	38575	17152	60	93.0	55	63	0.00240229	38713.0	9.0609e-29	TRUE						25881:A>G
MN908947.3	25881	A	T	38575	17152	60	38.0	25	59	0.000981582	38713.0	3.43366e-12	TRUE						25881:A>T
MN908947.3	25882	A	C	37788	16551	58	57.0	40	60	0.00149669	38084.0	5.6804200000000005e-18	TRUE						25882:A>C
MN908947.3	25882	A	G	37788	16551	58	121.0	81	62	0.00317719	38084.0	2.5891699999999998e-37	TRUE						25882:A>G
MN908947.3	25882	A	T	37788	16551	58	118.0	71	61	0.00309841	38084.0	2.08572e-36	TRUE						25882:A>T
MN908947.3	25883	C	A	37753	17147	59	39.0	23	70	0.00102688	37979.0	1.63656e-12	TRUE						25883:C>A
MN908947.3	25883	C	G	37753	17147	59	33.0	21	57	0.000868901	37979.0	1.06317e-10	TRUE						25883:C>G
MN908947.3	25883	C	T	37753	17147	59	154.0	87	67	0.00405487	37979.0	3.24406e-47	TRUE						25883:C>T
MN908947.3	25884	T	A	113	26	52	169.0	92	66	0.580756	291.0	6.34109e-69	TRUE						25884:T>A
MN908947.3	26042	C	T	3461	1608	56	37.0	20	67	0.0105744	3499.0	6.61195e-12	TRUE						26042:C>T
MN908947.3	26044	C	G	3442	1587	55	40.0	22	68	0.0114548	3492.0	7.71579e-13	TRUE						26044:C>G
MN908947.3	26046	A	G	3441	1585	56	44.0	27	65	0.0126147	3488.0	4.89628e-14	TRUE						26046:A>G
MN908947.3	26327	T	-A	2166	2101	38	726.0	0	20	0.33518	2166.0	2.69906e-162	TRUE						26327:T>-A
MN908947.3	26328	A	-G	1425	1360	38	48.0	0	20	0.0220893	2173.0	7.3348e-07	TRUE						26328:A>-G
MN908947.3	26332	A	-C	2161	2097	38	191.0	0	20	0.0878565	2174.0	2.99039e-34	TRUE						26332:A>-C
MN908947.3	26334	A	-C	2155	2091	38	251.0	0	20	0.115562	2172.0	7.30687e-49	TRUE						26334:A>-C
MN908947.3	26709	G	A	16	9	34	95.0	47	35	0.855856	111.0	3.9601e-46	TRUE						26709:G>A
MN908947.3	27233	T	-AGC	2702	1145	64	1006.0	0	20	0.371904	2705.0	3.37618e-224	TRUE						27233:T>-AGC
MN908947.3	27234	A	-GC	1689	617	61	74.0	0	20	0.0273164	2709.0	3.19103e-12	TRUE						27234:A>-GC
MN908947.3	27234	A	-GCAG	1689	617	61	121.0	0	20	0.0446659	2709.0	4.72582e-26	TRUE						27234:A>-GCAG
MN908947.3	27382	G	C	1063	757	40	56.0	0	36	0.0500447	1119.0	2.08783e-16	TRUE						27382:G>C
MN908947.3	27383	A	T	1156	806	40	56.0	0	36	0.0461285	1214.0	2.09962e-16	TRUE						27383:A>T
MN908947.3	27384	T	C	1179	803	40	58.0	2	36	0.0468119	1239.0	5.24935e-17	TRUE						27384:T>C
MN908947.3	27638	T	C	93	66	35	77.0	77	35	0.452941	170.0	1.0953e-28	TRUE						27638:T>C
MN908947.3	2790	C	T	891	469	51	170.0	1	36	0.160075	1062.0	3.6304900000000004e-53	TRUE						2790:C>T
MN908947.3	27968	T	C	3348	1517	66	34.0	15	67	0.0100265	3391.0	5.1438e-11	TRUE						27968:T>C
MN908947.3	27972	C	T	2160	947	65	1266.0	609	68	0.369312	3428.0	0.0	TRUE						27972:C>T
MN908947.3	28227	C	G	795	138	39	110.0	14	44	0.120879	910.0	1.76117e-35	TRUE						28227:C>G
MN908947.3	28247	A	T	848	153	39	42.0	0	36	0.047138	891.0	1.32102e-13	TRUE						28247:A>T
MN908947.3	28253	C	-A	900	152	40	88.0	0	20	0.0974529	903.0	7.18171e-17	TRUE						28253:C>-A
MN908947.3	28271	A	T	517	2	36	92.0	0	36	0.150573	611.0	4.52451e-30	TRUE						28271:A>T
MN908947.3	28311	C	T	841	456	35	354.0	86	35	0.295987	1196.0	2.30634e-118	TRUE						28311:C>T
MN908947.3	28361	G	-GAGAACGCA	1213	562	36	122.0	0	20	0.100412	1215.0	3.7948e-23	TRUE						28361:G>-GAGAACGCA
MN908947.3	28369	C	T	1025	460	35	48.0	8	35	0.0447344	1073.0	4.0564e-15	TRUE						28369:C>T
MN908947.3	28461	A	G	1192	611	34	295.0	2	35	0.19812	1489.0	2.11298e-94	TRUE						28461:A>G
MN908947.3	28472	C	T	1425	599	35	76.0	1	36	0.0506329	1501.0	2.04951e-22	TRUE						28472:C>T
MN908947.3	28518	A	T	1619	796	34	32.0	14	35	0.0193353	1655.0	3.33651e-09	TRUE						28518:A>T
MN908947.3	28523	A	G	1648	791	36	39.0	19	35	0.0231043	1688.0	3.01929e-11	TRUE						28523:A>G
MN908947.3	28540	A	G	3653	750	34	142.0	73	35	0.0374078	3796.0	3.141e-39	TRUE						28540:A>G
MN908947.3	28591	A	G	3157	922	36	32.0	1	36	0.0100313	3190.0	1.95821e-07	TRUE						28591:A>G
MN908947.3	28616	A	G	3133	898	36	31.0	20	36	0.00978535	3168.0	3.55735e-07	TRUE						28616:A>G
MN908947.3	28675	A	G	2287	2286	36	44.0	44	35	0.0188598	2333.0	1.26397e-11	TRUE						28675:A>G
MN908947.3	28709	A	G	3403	2314	36	74.0	72	36	0.0212705	3479.0	3.4739000000000004e-19	TRUE						28709:A>G
MN908947.3	28831	C	T	1134	983	35	42.0	27	35	0.0356839	1177.0	3.50581e-12	TRUE						28831:C>T
MN908947.3	28881	G	A	40	0	33	154.0	154	36	0.793814	194.0	1.3581900000000001e-70	TRUE						28881:G>A
MN908947.3	28882	G	A	41	1	33	154.0	152	35	0.789744	195.0	2.35349e-70	TRUE						28882:G>A
MN908947.3	28883	G	C	41	0	34	157.0	155	36	0.792929	198.0	6.55124e-72	TRUE						28883:G>C
MN908947.3	29044	G	A	1261	216	36	50.0	0	36	0.0380228	1315.0	1.3807e-14	TRUE						29044:G>A
MN908947.3	29077	C	T	963	0	36	126.0	0	36	0.115596	1090.0	1.71615e-38	TRUE						29077:C>T
MN908947.3	29179	G	T	1186	870	35	217.0	215	33	0.154339	1406.0	5.56972e-68	TRUE						29179:G>T
MN908947.3	29230	C	T	11206	5474	36	33.0	19	34	0.00293594	11240.0	0.00062332	TRUE						29230:C>T
MN908947.3	29231	A	G	11164	5422	36	30.0	14	36	0.00267857	11200.0	0.00213327	TRUE						29231:A>G
MN908947.3	29234	G	A	11237	5503	36	45.0	19	34	0.00398653	11288.0	2.59383e-06	TRUE						29234:G>A
MN908947.3	29241	A	G	12818	5506	35	54.0	20	36	0.00418767	12895.0	7.897e-08	TRUE						29241:A>G
MN908947.3	29242	A	G	12839	5470	35	73.0	34	36	0.0056471	12927.0	3.64262e-12	TRUE						29242:A>G
MN908947.3	29244	T	A	12725	5304	35	32.0	17	36	0.00250059	12797.0	0.0017573	TRUE						29244:T>A
MN908947.3	29244	T	C	12725	5304	35	40.0	17	35	0.00312573	12797.0	6.06486e-05	TRUE						29244:T>C
MN908947.3	29246	A	G	12948	5435	36	43.0	20	36	0.00330413	13014.0	3.50714e-05	TRUE						29246:A>G
MN908947.3	29248	A	G	12873	5367	35	62.0	30	35	0.00478764	12950.0	1.32427e-09	TRUE						29248:A>G
MN908947.3	29251	T	C	12770	5383	36	270.0	134	36	0.0206912	13049.0	1.44545e-64	TRUE						29251:T>C
MN908947.3	29252	T	C	12926	5412	35	33.0	12	35	0.00254433	12970.0	0.00120776	TRUE						29252:T>C
MN908947.3	29254	G	A	12940	5500	36	107.0	53	36	0.00819484	13057.0	6.027349999999999e-20	TRUE						29254:G>A
MN908947.3	29256	G	A	13018	5538	36	32.0	16	36	0.00245211	13050.0	0.00328409	TRUE						29256:G>A
MN908947.3	29257	A	G	12651	5522	35	59.0	27	35	0.00463982	12716.0	6.37077e-09	TRUE						29257:A>G
MN908947.3	29258	A	G	12862	5441	35	86.0	40	36	0.0066312	12969.0	2.52122e-15	TRUE						29258:A>G
MN908947.3	29279	G	A	7654	5581	36	46.0	15	36	0.00597403	7700.0	1.91136e-08	TRUE						29279:G>A
MN908947.3	29285	A	G	7683	5583	36	46.0	44	35	0.00595007	7731.0	1.89713e-08	TRUE						29285:A>G
MN908947.3	29292	A	G	7643	5581	36	40.0	29	36	0.00520291	7688.0	5.12627e-07	TRUE						29292:A>G
MN908947.3	29293	T	A	7604	5518	36	54.0	54	35	0.00700844	7705.0	1.74568e-10	TRUE						29293:T>A
MN908947.3	29293	T	C	7604	5518	36	47.0	36	36	0.00609994	7705.0	9.46355e-09	TRUE						29293:T>C
MN908947.3	29311	C	T	7698	5708	36	144.0	4	36	0.0183627	7842.0	5.55487e-35	TRUE						29311:C>T
MN908947.3	29328	T	G	7717	5613	36	44.0	44	36	0.00564899	7789.0	5.43477e-08	TRUE						29328:T>G
MN908947.3	29329	G	A	7684	5568	36	45.0	40	36	0.00580271	7755.0	3.12954e-08	TRUE						29329:G>A
MN908947.3	29370	C	T	2061	2046	36	147.0	145	36	0.0665158	2210.0	1.31055e-42	TRUE						29370:C>T
MN908947.3	29379	A	G	2161	2144	36	59.0	59	36	0.0265169	2225.0	5.4095e-16	TRUE						29379:A>G
MN908947.3	29385	A	G	8590	2188	35	36.0	15	34	0.00416474	8644.0	1.20978e-05	TRUE						29385:A>G
MN908947.3	29388	A	T	8834	2176	36	43.0	42	35	0.00483635	8891.0	3.23368e-07	TRUE						29388:A>T
MN908947.3	29397	A	G	8752	2207	35	31.0	13	36	0.00352834	8786.0	0.000144488	TRUE						29397:A>G
MN908947.3	29402	G	T	7926	2224	36	975.0	2	36	0.109489	8905.0	1.0164000000000001e-289	TRUE						29402:G>T
MN908947.3	29408	A	G	8832	2206	36	32.0	16	36	0.00360889	8867.0	8.93909e-05	TRUE						29408:A>G
MN908947.3	29413	A	G	8761	2224	35	33.0	3	36	0.00374915	8802.0	5.458e-05	TRUE						29413:A>G
MN908947.3	29424	A	G	8794	2224	36	38.0	9	35	0.0043001	8837.0	4.47827e-06	TRUE						29424:A>G
MN908947.3	29430	A	G	8781	2215	36	35.0	6	35	0.00396062	8837.0	1.98817e-05	TRUE						29430:A>G
MN908947.3	29432	A	G	8603	2225	36	156.0	2	34	0.0177414	8793.0	1.93377e-37	TRUE						29432:A>G
MN908947.3	29433	A	G	8781	2220	36	32.0	9	36	0.00362771	8821.0	8.87594e-05	TRUE						29433:A>G
MN908947.3	29437	A	G	8546	2008	35	30.0	9	36	0.00348675	8604.0	0.000224592	TRUE						29437:A>G
MN908947.3	29510	A	C	985	977	36	81.0	81	35	0.075419	1074.0	2.8104500000000004e-24	TRUE						29510:A>C
MN908947.3	29622	A	C	712	706	36	1310.0	611	67	0.643103	2037.0	0.0	TRUE						29622:A>C
MN908947.3	29625	C	A	25533	12661	60	67.0	21	57	0.00259439	25825.0	4.84289e-21	TRUE						29625:C>A
MN908947.3	29625	C	G	25533	12661	60	73.0	28	59	0.00282672	25825.0	7.37443e-23	TRUE						29625:C>G
MN908947.3	29625	C	T	25533	12661	60	152.0	47	56	0.00588577	25825.0	9.27877e-47	TRUE						29625:C>T
MN908947.3	29626	T	A	26085	12848	59	47.0	19	65	0.00178694	26302.0	5.97962e-15	TRUE						29626:T>A
MN908947.3	29626	T	C	26085	12848	59	159.0	73	63	0.00604517	26302.0	9.055719999999999e-49	TRUE						29626:T>C
MN908947.3	29627	C	T	27523	13547	60	114.0	35	57	0.00412297	27650.0	4.17936e-35	TRUE						29627:C>T
MN908947.3	29628	G	A	28046	13824	60	75.0	43	62	0.00266326	28161.0	2.3287300000000002e-23	TRUE						29628:G>A
MN908947.3	29629	T	C	28033	13830	59	51.0	27	58	0.00181411	28113.0	4.11844e-16	TRUE						29629:T>C
MN908947.3	29631	A	G	28113	13849	61	44.0	28	62	0.00156139	28180.0	5.4943e-14	TRUE						29631:A>G
MN908947.3	29633	T	C	28049	13793	59	51.0	25	58	0.0018132	28127.0	4.09999e-16	TRUE						29633:T>C
MN908947.3	29635	C	T	28165	13861	60	36.0	21	63	0.00127623	28208.0	1.41624e-11	TRUE						29635:C>T
MN908947.3	29636	A	G	28157	13890	61	35.0	18	63	0.0012403	28219.0	2.81792e-11	TRUE						29636:A>G
MN908947.3	29637	T	C	28140	13862	60	39.0	26	56	0.00138293	28201.0	1.7632e-12	TRUE						29637:T>C
MN908947.3	29644	A	G	28165	13875	61	47.0	22	57	0.00166436	28239.0	6.82112e-15	TRUE						29644:A>G
MN908947.3	29645	G	A	21410	10622	61	61.0	31	60	0.00217144	28092.0	6.2746e-23	TRUE						29645:G>A
MN908947.3	29645	G	C	21410	10622	61	31.0	13	55	0.00110352	28092.0	5.1459e-12	TRUE						29645:G>C
MN908947.3	29645	G	T	21410	10622	61	6590.0	3244	56	0.234586	28092.0	0.0	TRUE						29645:G>T
MN908947.3	29646	T	A	28010	13863	60	38.0	30	52	0.00135231	28100.0	3.42399e-12	TRUE						29646:T>A
MN908947.3	29646	T	C	28010	13863	60	51.0	22	54	0.00181495	28100.0	4.11819e-16	TRUE						29646:T>C
MN908947.3	29647	A	G	28133	13872	59	53.0	32	67	0.00187897	28207.0	1.04242e-16	TRUE						29647:A>G
MN908947.3	29648	G	A	27646	13638	60	487.0	265	66	0.0172885	28169.0	1.99353e-148	TRUE						29648:G>A
MN908947.3	29649	A	G	28138	13878	60	51.0	26	61	0.00180768	28213.0	4.22907e-16	TRUE						29649:A>G
MN908947.3	29650	T	A	28092	13850	60	33.0	13	56	0.00116942	28219.0	1.09143e-10	TRUE						29650:T>A
MN908947.3	29650	T	C	28092	13850	60	88.0	52	58	0.00311847	28219.0	2.8402699999999998e-27	TRUE						29650:T>C
MN908947.3	29651	G	A	28141	13878	60	54.0	30	60	0.00191435	28208.0	5.35003e-17	TRUE						29651:G>A
MN908947.3	29652	T	C	28109	13878	60	51.0	30	62	0.00181005	28176.0	4.27893e-16	TRUE						29652:T>C
MN908947.3	29654	G	C	28012	13761	60	45.0	29	65	0.00160234	28084.0	2.7348e-14	TRUE						29654:G>C
MN908947.3	29658	A	C	11298	10141	36	191.0	101	71	0.0166015	11505.0	1.2679299999999998e-58	TRUE						29658:A>C
MN908947.3	29659	C	G	12235	10631	39	37.0	24	71	0.00301377	12277.0	7.0383e-12	TRUE						29659:C>G
MN908947.3	29662	T	A	210261	106515	70	145.0	62	68	0.000684822	211734.0	1.3853900000000002e-44	TRUE						29662:T>A
MN908947.3	29662	T	C	210261	106515	70	1284.0	612	70	0.00606421	211734.0	0.0	TRUE						29662:T>C
MN908947.3	29662	T	G	210261	106515	70	44.0	18	66	0.000207808	211734.0	4.88578e-14	TRUE						29662:T>G
MN908947.3	29663	A	C	211522	106094	71	36.0	14	53	0.000169933	211848.0	2.63352e-09	TRUE						29663:A>C
MN908947.3	29663	A	G	211522	106094	71	218.0	101	69	0.00102904	211848.0	2.1234599999999998e-66	TRUE						29663:A>G
MN908947.3	29663	A	T	211522	106094	71	72.0	16	49	0.000339866	211848.0	5.01934e-08	TRUE						29663:A>T
MN908947.3	29664	A	C	211429	105962	71	37.0	16	56	0.000174669	211829.0	1.37665e-09	TRUE						29664:A>C
MN908947.3	29664	A	G	211429	105962	71	308.0	151	70	0.001454	211829.0	1.60505e-93	TRUE						29664:A>G
MN908947.3	29664	A	T	211429	105962	71	55.0	28	62	0.000259643	211829.0	2.64488e-17	TRUE						29664:A>T
MN908947.3	29665	T	A	211328	105952	72	88.0	38	67	0.000415447	211820.0	2.94025e-27	TRUE						29665:T>A
MN908947.3	29665	T	C	211328	105952	72	388.0	180	71	0.00183174	211820.0	1.20088e-117	TRUE						29665:T>C
MN908947.3	29666	C	A	211595	105921	72	35.0	21	67	0.00016526	211787.0	2.86621e-11	TRUE						29666:C>A
MN908947.3	29666	C	T	211595	105921	72	151.0	79	71	0.00071298	211787.0	3.34811e-46	TRUE						29666:C>T
MN908947.3	29667	T	A	211271	105925	71	111.0	59	66	0.000524082	211799.0	3.39144e-34	TRUE						29667:T>A
MN908947.3	29667	T	C	211271	105925	71	404.0	194	72	0.00190747	211799.0	1.75184e-122	TRUE						29667:T>C
MN908947.3	29668	C	T	211523	106043	71	206.0	93	70	0.000972744	211772.0	8.71721e-63	TRUE						29668:C>T
MN908947.3	29669	A	G	211213	105907	70	326.0	145	71	0.00154006	211680.0	5.12948e-99	TRUE						29669:A>G
MN908947.3	29669	A	T	211213	105907	70	123.0	56	65	0.000581066	211680.0	7.98564e-38	TRUE						29669:A>T
MN908947.3	29670	C	T	211519	106031	71	179.0	91	71	0.000845452	211721.0	1.18161e-54	TRUE						29670:C>T
MN908947.3	29671	A	G	209084	104762	71	364.0	195	70	0.0017369	209569.0	2.83307e-111	TRUE						29671:A>G
MN908947.3	29671	A	T	209084	104762	71	95.0	29	57	0.000453311	209569.0	1.64241e-26	TRUE						29671:A>T
MN908947.3	29672	T	C	209805	105247	71	176.0	85	70	0.000838007	210022.0	4.6385600000000004e-54	TRUE						29672:T>C
MN908947.3	29673	A	G	209489	105081	71	213.0	106	71	0.00101488	209877.0	2.44373e-65	TRUE						29673:A>G
MN908947.3	29673	A	T	209489	105081	71	161.0	73	70	0.000767116	209877.0	1.4371499999999998e-49	TRUE						29673:A>T
MN908947.3	29681	T	A	211305	105882	72	87.0	53	59	0.000410936	211712.0	5.9037700000000004e-24	TRUE						29681:T>A
MN908947.3	29681	T	C	211305	105882	72	303.0	169	70	0.00143119	211712.0	4.7757799999999995e-92	TRUE						29681:T>C
MN908947.3	29682	T	C	211576	106112	71	226.0	109	71	0.00106693	211823.0	8.60762e-69	TRUE						29682:T>C
MN908947.3	29683	A	G	211231	105865	71	142.0	80	69	0.000671649	211420.0	1.50754e-43	TRUE						29683:A>G
MN908947.3	29683	A	T	211231	105865	71	44.0	10	53	0.000208117	211420.0	1.45344e-11	TRUE						29683:A>T
MN908947.3	29684	A	G	211421	105874	72	323.0	169	71	0.00152492	211815.0	4.89127e-98	TRUE						29684:A>G
MN908947.3	29684	A	T	211421	105874	72	57.0	25	68	0.000269103	211815.0	6.6032600000000004e-18	TRUE						29684:A>T
MN908947.3	29685	T	A	211431	106021	72	53.0	29	69	0.00025029	211754.0	1.0638e-16	TRUE						29685:T>A
MN908947.3	29685	T	C	211431	106021	72	255.0	109	71	0.00120423	211754.0	1.49468e-77	TRUE						29685:T>C
MN908947.3	29686	C	A	211590	106079	71	31.0	14	60	0.000146369	211794.0	4.58085e-10	TRUE						29686:C>A
MN908947.3	29686	C	T	211590	106079	71	158.0	78	69	0.000746008	211794.0	2.5778e-48	TRUE						29686:C>T
MN908947.3	29687	A	C	211356	106195	70	30.0	19	60	0.000141651	211788.0	9.01204e-10	TRUE						29687:A>C
MN908947.3	29687	A	G	211356	106195	70	284.0	138	70	0.00134096	211788.0	2.56682e-86	TRUE						29687:A>G
MN908947.3	29687	A	T	211356	106195	70	118.0	56	63	0.000557161	211788.0	2.67696e-36	TRUE						29687:A>T
MN908947.3	29688	G	A	211623	106075	71	167.0	84	69	0.000788476	211801.0	5.08639e-51	TRUE						29688:G>A
MN908947.3	29689	T	A	211180	105750	71	50.0	32	65	0.000236347	211553.0	8.33464e-16	TRUE						29689:T>A
MN908947.3	29689	T	C	211180	105750	71	308.0	162	70	0.0014559	211553.0	1.42409e-93	TRUE						29689:T>C
MN908947.3	29690	G	A	211346	105910	71	307.0	140	69	0.00145029	211682.0	3.36313e-93	TRUE						29690:G>A
MN908947.3	29691	T	A	210862	105634	71	214.0	124	69	0.00101099	211673.0	2.66054e-65	TRUE						29691:T>A
MN908947.3	29691	T	C	210862	105634	71	511.0	248	69	0.0024141	211673.0	7.63209e-155	TRUE						29691:T>C
MN908947.3	29691	T	G	210862	105634	71	86.0	62	49	0.000406287	211673.0	7.11727e-11	TRUE						29691:T>G
MN908947.3	29692	G	A	209300	104682	71	1126.0	601	68	0.00533457	211076.0	0.0	TRUE						29692:G>A
MN908947.3	29692	G	C	209300	104682	71	495.0	279	69	0.00234513	211076.0	1.61533e-150	TRUE						29692:G>C
MN908947.3	29692	G	T	209300	104682	71	155.0	76	69	0.000734333	211076.0	1.16978e-47	TRUE						29692:G>T
MN908947.3	29693	T	A	1000	3	35	267.0	51	48	0.199105	1341.0	2.14451e-91	TRUE						29693:T>A
MN908947.3	29693	T	G	1000	3	35	70.0	48	53	0.0521999	1341.0	5.66194e-26	TRUE						29693:T>G
MN908947.3	29733	C	-GAGGCCACGCGGAGTACGATCGAGTG	3937	918	36	237.0	0	20	0.0586198	4043.0	3.52367e-35	TRUE						29733:C>-GAGGCCACGCGGAGTACGATCGAGTG
MN908947.3	29733	C	T	3937	918	36	104.0	38	35	0.0257235	4043.0	9.106259999999999e-27	TRUE						29733:C>T
MN908947.3	29762	C	T	3833	988	36	237.0	21	36	0.0582167	4071.0	1.2874699999999998e-66	TRUE						29762:C>T
MN908947.3	29782	A	G	7088	4103	35	30.0	16	35	0.00420816	7129.0	9.22735e-05	TRUE						29782:A>G
MN908947.3	29802	C	A	7135	4100	36	48.0	25	36	0.00666759	7199.0	5.89839e-09	TRUE						29802:C>A
MN908947.3	3037	C	T	219	202	39	550.0	360	35	0.714286	770.0	9.673989999999999e-237	TRUE						3037:C>T
MN908947.3	3251	G	C	475	280	38	45.0	28	67	0.0831793	541.0	4.37844e-15	TRUE						3251:G>C
MN908947.3	3256	T	C	2282	1103	54	90.0	75	51	0.0379427	2372.0	3.4825999999999996e-28	TRUE						3256:T>C
MN908947.3	3324	T	C	3711	1643	57	42.0	15	45	0.0111702	3760.0	1.95898e-13	TRUE						3324:T>C
MN908947.3	3343	T	-A	4090	1761	57	684.0	0	20	0.16687	4099.0	1.85082e-141	TRUE						3343:T>-A
MN908947.3	3351	G	C	4039	1726	57	69.0	34	36	0.0167802	4112.0	9.01343e-17	TRUE						3351:G>C
MN908947.3	3359	T	A	883	208	37	1257.0	610	71	0.584108	2152.0	0.0	TRUE						3359:T>A
MN908947.3	3422	A	G	957	384	36	43.0	16	35	0.043	1000.0	1.64649e-12	TRUE						3422:A>G
MN908947.3	3490	A	G	1613	883	46	35.0	4	39	0.0211864	1652.0	4.3475e-10	TRUE						3490:A>G
MN908947.3	3510	C	A	492	10	34	633.0	420	60	0.553806	1143.0	7.1363e-249	TRUE						3510:C>A
MN908947.3	3570	G	-T	1048	500	36	39.0	0	20	0.0370019	1054.0	2.53568e-05	TRUE						3570:G>-T
MN908947.3	3572	T	A	1006	499	36	31.0	1	35	0.0297505	1042.0	5.68664e-09	TRUE						3572:T>A
MN908947.3	3742	A	T	11991	6750	65	44.0	22	70	0.00364873	12059.0	4.70472e-14	TRUE						3742:A>T
MN908947.3	3744	A	G	12083	6810	65	34.0	20	67	0.00279881	12148.0	5.3997e-11	TRUE						3744:A>G
MN908947.3	3754	A	G	12048	6821	64	45.0	24	66	0.00371287	12120.0	2.49029e-14	TRUE						3754:A>G
MN908947.3	3760	T	C	12072	6829	65	30.0	10	64	0.00247382	12127.0	8.65108e-10	TRUE						3760:T>C
MN908947.3	3763	A	G	11983	6769	63	86.0	47	67	0.00708869	12132.0	8.901129999999999e-27	TRUE						3763:A>G
MN908947.3	3763	A	T	11983	6769	63	56.0	29	68	0.00461589	12132.0	1.05105e-17	TRUE						3763:A>T
MN908947.3	3764	G	A	11805	6649	65	50.0	28	66	0.00418971	11934.0	7.15521e-16	TRUE						3764:G>A
MN908947.3	3764	G	C	11805	6649	65	61.0	29	71	0.00511145	11934.0	3.37921e-19	TRUE						3764:G>C
MN908947.3	3924	C	G	21913	10212	68	192.0	84	68	0.00865138	22193.0	7.19531e-59	TRUE						3924:C>G
MN908947.3	3924	C	T	21913	10212	68	77.0	35	64	0.00346956	22193.0	4.3488300000000005e-24	TRUE						3924:C>T
MN908947.3	3925	T	A	22144	10341	68	100.0	40	69	0.00445355	22454.0	4.41361e-31	TRUE						3925:T>A
MN908947.3	3925	T	C	22144	10341	68	196.0	85	69	0.00872896	22454.0	3.94524e-60	TRUE						3925:T>C
MN908947.3	3926	T	A	22316	10414	67	121.0	52	71	0.00537229	22523.0	2.54296e-37	TRUE						3926:T>A
MN908947.3	3926	T	C	22316	10414	67	79.0	29	68	0.00350753	22523.0	1.23445e-24	TRUE						3926:T>C
MN908947.3	3927	C	T	22453	10462	68	43.0	27	72	0.00191137	22497.0	1.06837e-13	TRUE						3927:C>T
MN908947.3	3928	A	G	22427	10460	67	35.0	23	71	0.00155549	22501.0	2.71334e-11	TRUE						3928:A>G
MN908947.3	3928	A	T	22427	10460	67	34.0	19	71	0.00151104	22501.0	5.4355e-11	TRUE						3928:A>T
MN908947.3	3930	T	A	22271	10388	68	92.0	40	72	0.00410074	22435.0	1.31257e-28	TRUE						3930:T>A
MN908947.3	3930	T	C	22271	10388	68	67.0	36	72	0.00298641	22435.0	4.85889e-21	TRUE						3930:T>C
MN908947.3	3931	T	A	22235	10347	68	156.0	82	70	0.0069281	22517.0	5.32653e-48	TRUE						3931:T>A
MN908947.3	3931	T	C	22235	10347	68	117.0	60	70	0.00519607	22517.0	3.33079e-36	TRUE						3931:T>C
MN908947.3	3932	G	A	22423	10465	68	39.0	17	70	0.0017348	22481.0	1.69107e-12	TRUE						3932:G>A
MN908947.3	3933	A	G	22331	10455	67	49.0	21	69	0.0021875	22400.0	1.53407e-15	TRUE						3933:A>G
MN908947.3	3934	A	G	22434	10458	68	42.0	24	69	0.00186584	22510.0	2.12083e-13	TRUE						3934:A>G
MN908947.3	3935	C	T	22417	10457	67	50.0	24	69	0.00222489	22473.0	8.00405e-16	TRUE						3935:C>T
MN908947.3	3936	A	G	22409	10456	67	41.0	22	68	0.00182295	22491.0	4.12052e-13	TRUE						3936:A>G
MN908947.3	3936	A	T	22409	10456	67	35.0	15	69	0.00155618	22491.0	2.66919e-11	TRUE						3936:A>T
MN908947.3	3943	A	G	22470	10480	68	32.0	11	65	0.00142083	22522.0	2.26702e-10	TRUE						3943:A>G
MN908947.3	3945	A	G	22426	10445	68	44.0	22	67	0.00195564	22499.0	5.19217e-14	TRUE						3945:A>G
MN908947.3	3946	A	G	22459	10477	68	48.0	26	68	0.00212983	22537.0	3.34488e-15	TRUE						3946:A>G
MN908947.3	3948	A	C	22442	10474	68	40.0	14	67	0.00177502	22535.0	8.53439e-13	TRUE						3948:A>C
MN908947.3	3948	A	G	22442	10474	68	38.0	22	70	0.00168627	22535.0	3.42173e-12	TRUE						3948:A>G
MN908947.3	3949	T	C	22473	10490	68	32.0	17	70	0.00142033	22530.0	2.25258e-10	TRUE						3949:T>C
MN908947.3	3950	G	A	22475	10501	68	35.0	16	68	0.00155411	22521.0	2.84989e-11	TRUE						3950:G>A
MN908947.3	3956	A	T	378	235	40	111.0	47	72	0.22561	492.0	2.60947e-37	TRUE						3956:A>T
MN908947.3	4081	T	-G	1317	548	54	57.0	0	20	0.0431818	1320.0	8.94933e-08	TRUE						4081:T>-G
MN908947.3	4184	G	A	334	252	35	165.0	135	36	0.33	500.0	1.71303e-57	TRUE						4184:G>A
MN908947.3	4316	A	G	1038	439	57	34.0	0	35	0.0316279	1075.0	7.90437e-10	TRUE						4316:A>G
MN908947.3	4318	T	G	1022	415	56	41.0	19	71	0.0384615	1066.0	2.62715e-13	TRUE						4318:T>G
MN908947.3	4319	G	C	1026	417	56	43.0	20	71	0.0401119	1072.0	6.9519e-14	TRUE						4319:G>C
MN908947.3	4320	C	A	1022	415	55	43.0	20	68	0.0402999	1067.0	6.39661e-14	TRUE						4320:C>A
MN908947.3	4321	C	T	1011	438	57	53.0	1	35	0.049812	1064.0	1.65078e-15	TRUE						4321:C>T
MN908947.3	445	T	C	577	317	35	73.0	3	36	0.112135	651.0	1.243e-23	TRUE						445:T>C
MN908947.3	4489	T	C	5856	2996	67	32.0	12	70	0.00542833	5895.0	2.19589e-10	TRUE						4489:T>C
MN908947.3	4490	A	T	5966	3038	68	30.0	14	67	0.0049975	6003.0	8.84673e-10	TRUE						4490:A>T
MN908947.3	44	C	T	81	0	36	49.0	2	36	0.376923	130.0	8.01337e-18	TRUE						44:C>T
MN908947.3	4581	A	G	382	190	35	50.0	27	35	0.115741	432.0	2.09321e-16	TRUE						4581:A>G
MN908947.3	4619	T	C	9693	1215	42	35.0	7	48	0.00358717	9757.0	2.6839e-11	TRUE						4619:T>C
MN908947.3	4630	T	A	9677	1239	43	30.0	3	51	0.00307598	9753.0	8.4298e-10	TRUE						4630:T>A
MN908947.3	4630	T	C	9677	1239	43	43.0	2	40	0.0044089	9753.0	9.99873e-14	TRUE						4630:T>C
MN908947.3	4772	G	A	3525	1573	65	46.0	24	72	0.0128815	3571.0	1.23619e-14	TRUE						4772:G>A
MN908947.3	4919	A	G	30680	29579	38	63.0	62	38	0.00204825	30758.0	0.000398225	TRUE						4919:A>G
MN908947.3	4920	C	G	30679	29597	38	53.0	31	65	0.00172341	30753.0	1.06702e-16	TRUE						4920:C>G
MN908947.3	4935	A	G	30618	29514	38	62.0	62	36	0.00201757	30730.0	0.000536168	TRUE						4935:A>G
MN908947.3	4936	G	A	30602	29505	37	60.0	59	36	0.0019558	30678.0	0.000965877	TRUE						4936:G>A
MN908947.3	4939	A	G	30553	29455	38	55.0	54	36	0.0017941	30656.0	0.00418324	TRUE						4939:A>G
MN908947.3	4941	T	C	30629	29531	37	93.0	92	36	0.00302321	30762.0	5.03795e-09	TRUE						4941:T>C
MN908947.3	4942	T	C	30569	29470	38	68.0	67	37	0.00221484	30702.0	7.40414e-05	TRUE						4942:T>C
MN908947.3	4943	C	A	30499	29416	38	41.0	36	41	0.0013355	30700.0	7.24307e-10	TRUE						4943:C>A
MN908947.3	4943	C	T	30499	29416	38	141.0	134	37	0.00459283	30700.0	8.45709e-19	TRUE						4943:C>T
MN908947.3	5648	A	C	1462	368	42	408.0	0	35	0.217484	1876.0	2.4771e-132	TRUE						5648:A>C
MN908947.3	5682	T	C	1315	2	36	42.0	0	36	0.0309278	1358.0	3.67882e-12	TRUE						5682:T>C
MN908947.3	5708	G	A	1364	1364	36	71.0	36	72	0.0479082	1482.0	5.55898e-23	TRUE						5708:G>A
MN908947.3	5708	G	T	1364	1364	36	45.0	20	72	0.0303644	1482.0	6.33465e-15	TRUE						5708:G>T
MN908947.3	5709	A	C	256868	129467	72	2530.0	1266	71	0.0096962	260927.0	0.0	TRUE						5709:A>C
MN908947.3	5709	A	G	256868	129467	72	1109.0	549	72	0.00425023	260927.0	0.0	TRUE						5709:A>G
MN908947.3	5709	A	T	256868	129467	72	420.0	177	66	0.00160965	260927.0	1.61257e-128	TRUE						5709:A>T
MN908947.3	5710	A	C	260193	131042	72	109.0	54	72	0.000417783	260901.0	1.34422e-33	TRUE						5710:A>C
MN908947.3	5710	A	G	260193	131042	72	461.0	237	72	0.00176695	260901.0	1.10221e-139	TRUE						5710:A>G
MN908947.3	5710	A	T	260193	131042	72	138.0	68	69	0.000528936	260901.0	2.42384e-42	TRUE						5710:A>T
MN908947.3	5711	C	G	260618	131246	72	37.0	22	65	0.000141812	260909.0	7.13737e-12	TRUE						5711:C>G
MN908947.3	5711	C	T	260618	131246	72	244.0	115	71	0.000935192	260909.0	3.2707500000000002e-74	TRUE						5711:C>T
MN908947.3	5712	T	A	259355	130538	72	215.0	103	72	0.000826831	260029.0	1.03846e-65	TRUE						5712:T>A
MN908947.3	5712	T	C	259355	130538	72	424.0	210	71	0.00163059	260029.0	7.646130000000001e-129	TRUE						5712:T>C
MN908947.3	5712	T	G	259355	130538	72	35.0	20	71	0.0001346	260029.0	2.62198e-11	TRUE						5712:T>G
MN908947.3	5713	T	A	260658	131252	71	37.0	22	67	0.000141804	260924.0	7.15006e-12	TRUE						5713:T>A
MN908947.3	5713	T	C	260658	131252	71	220.0	112	72	0.000843157	260924.0	5.56031e-67	TRUE						5713:T>C
MN908947.3	5714	A	G	260304	130934	72	293.0	157	70	0.00112397	260684.0	4.77317e-89	TRUE						5714:A>G
MN908947.3	5714	A	T	260304	130934	72	67.0	15	51	0.000257016	260684.0	3.7969200000000004e-18	TRUE						5714:A>T
MN908947.3	5715	A	C	260288	131094	72	31.0	15	71	0.000118804	260934.0	4.48553e-10	TRUE						5715:A>C
MN908947.3	5715	A	G	260288	131094	72	433.0	210	72	0.00165942	260934.0	3.15922e-131	TRUE						5715:A>G
MN908947.3	5715	A	T	260288	131094	72	182.0	91	69	0.000697494	260934.0	1.34454e-55	TRUE						5715:A>T
MN908947.3	5716	G	A	260374	131151	72	387.0	186	72	0.0014835	260870.0	2.40328e-117	TRUE						5716:G>A
MN908947.3	5716	G	C	260374	131151	72	47.0	20	64	0.000180166	260870.0	6.76519e-15	TRUE						5716:G>C
MN908947.3	5716	G	T	260374	131151	72	62.0	33	72	0.000237666	260870.0	2.03431e-19	TRUE						5716:G>T
MN908947.3	5717	C	T	260437	131136	72	409.0	217	70	0.00156775	260884.0	6.05777e-124	TRUE						5717:C>T
MN908947.3	5718	A	G	260400	131140	72	408.0	206	72	0.00156401	260868.0	1.1725299999999999e-123	TRUE						5718:A>G
MN908947.3	5718	A	T	260400	131140	72	36.0	15	56	0.000138001	260868.0	2.61067e-09	TRUE						5718:A>T
MN908947.3	5719	T	A	260031	131005	72	418.0	215	70	0.00160221	260889.0	8.50097e-127	TRUE						5719:T>A
MN908947.3	5719	T	C	260031	131005	72	386.0	183	71	0.00147956	260889.0	3.76394e-117	TRUE						5719:T>C
MN908947.3	5719	T	G	260031	131005	72	54.0	23	69	0.000206985	260889.0	5.0718e-17	TRUE						5719:T>G
MN908947.3	5728	T	C	260631	131259	72	298.0	156	72	0.00114201	260944.0	1.78953e-90	TRUE						5728:T>C
MN908947.3	5729	A	G	260568	131228	72	224.0	114	71	0.000858751	260844.0	3.43393e-68	TRUE						5729:A>G
MN908947.3	5730	C	A	260685	131260	72	51.0	26	72	0.000195452	260934.0	4.3451e-16	TRUE						5730:C>A
MN908947.3	5730	C	T	260685	131260	72	184.0	101	72	0.000705159	260934.0	3.8592700000000004e-56	TRUE						5730:C>T
MN908947.3	5731	T	A	260399	131143	72	62.0	32	70	0.000237623	260917.0	2.0467000000000002e-19	TRUE						5731:T>A
MN908947.3	5731	T	C	260399	131143	72	429.0	229	72	0.0016442	260917.0	5.62597e-130	TRUE						5731:T>C
MN908947.3	5732	T	A	260354	131160	72	108.0	55	70	0.000413895	260936.0	2.76292e-33	TRUE						5732:T>A
MN908947.3	5732	T	C	260354	131160	72	445.0	216	71	0.0017054	260936.0	8.108149999999999e-135	TRUE						5732:T>C
MN908947.3	5733	G	A	260647	131246	72	284.0	146	72	0.00108831	260956.0	2.93999e-86	TRUE						5733:G>A
MN908947.3	5740	T	A	3407	2343	57	35.0	15	70	0.0101215	3458.0	2.47205e-11	TRUE						5740:T>A
MN908947.3	5818	T	A	5673	2583	67	36.0	19	70	0.00624458	5765.0	1.15781e-11	TRUE						5818:T>A
MN908947.3	5818	T	C	5673	2583	67	49.0	20	70	0.00849957	5765.0	1.33841e-15	TRUE						5818:T>C
MN908947.3	5819	T	A	5770	2635	67	39.0	23	70	0.00668037	5838.0	1.5531e-12	TRUE						5819:T>A
MN908947.3	5823	T	A	5816	2655	67	30.0	15	70	0.00511596	5864.0	8.03551e-10	TRUE						5823:T>A
MN908947.3	6034	A	T	77	59	38	46.0	43	38	0.370968	124.0	7.78249e-17	TRUE						6034:A>T
MN908947.3	6035	A	C	51764	25539	71	141.0	69	71	0.00268951	52426.0	1.61155e-43	TRUE						6035:A>C
MN908947.3	6035	A	G	51764	25539	71	464.0	218	71	0.00885057	52426.0	3.1114200000000003e-141	TRUE						6035:A>G
MN908947.3	6035	A	T	51764	25539	71	57.0	15	54	0.00108725	52426.0	4.905850000000001e-18	TRUE						6035:A>T
MN908947.3	6036	G	A	52362	25772	71	215.0	101	71	0.00408489	52633.0	1.3629199999999999e-65	TRUE						6036:G>A
MN908947.3	6036	G	T	52362	25772	71	37.0	21	72	0.000702981	52633.0	6.65942e-12	TRUE						6036:G>T
MN908947.3	6037	C	T	52452	25853	71	125.0	60	73	0.00237692	52589.0	2.15537e-38	TRUE						6037:C>T
MN908947.3	6038	T	C	52468	25842	72	107.0	55	71	0.0020343	52598.0	5.01775e-33	TRUE						6038:T>C
MN908947.3	6039	T	C	52616	25901	71	86.0	50	70	0.00163104	52727.0	1.2241700000000001e-26	TRUE						6039:T>C
MN908947.3	6040	C	T	52640	25936	71	77.0	34	72	0.00146044	52724.0	6.2554300000000005e-24	TRUE						6040:C>T
MN908947.3	6041	G	A	52683	25958	72	41.0	20	72	0.000777458	52736.0	4.4599e-13	TRUE						6041:G>A
MN908947.3	6042	A	G	52629	25935	72	68.0	34	71	0.00128986	52719.0	3.2290699999999998e-21	TRUE						6042:A>G
MN908947.3	6043	T	C	52533	25931	71	175.0	80	69	0.00331842	52736.0	1.6545900000000002e-53	TRUE						6043:T>C
MN908947.3	6044	A	G	52632	25931	71	60.0	38	72	0.00113843	52704.0	8.1865300000000005e-19	TRUE						6044:A>G
MN908947.3	6045	A	G	52674	25875	72	61.0	36	71	0.00115644	52748.0	4.2034000000000006e-19	TRUE						6045:A>G
MN908947.3	6046	T	C	52465	25854	71	50.0	20	70	0.000951837	52530.0	7.79462e-16	TRUE						6046:T>C
MN908947.3	6047	T	C	52658	25923	72	68.0	42	71	0.00128947	52735.0	3.2668599999999998e-21	TRUE						6047:T>C
MN908947.3	6048	T	C	52613	25910	71	121.0	59	71	0.0022938	52751.0	3.39614e-37	TRUE						6048:T>C
MN908947.3	6049	T	C	52651	25948	71	84.0	37	68	0.00159245	52749.0	4.9030400000000005e-26	TRUE						6049:T>C
MN908947.3	6052	G	-T	52758	25996	71	1377.0	0	20	0.0260983	52762.0	2.57917e-84	TRUE						6052:G>-T
MN908947.3	6054	T	C	52631	25936	72	84.0	35	71	0.0015926	52744.0	4.86403e-26	TRUE						6054:T>C
MN908947.3	6055	T	C	52658	25943	71	90.0	44	72	0.00170574	52763.0	7.6582200000000005e-28	TRUE						6055:T>C
MN908947.3	6056	G	A	52711	25964	71	46.0	18	71	0.000871807	52764.0	1.40047e-14	TRUE						6056:G>A
MN908947.3	6057	T	C	52549	25891	71	158.0	80	71	0.00299628	52732.0	2.2705200000000002e-48	TRUE						6057:T>C
MN908947.3	6058	A	-T	52496	25861	71	1750.0	0	20	0.0331684	52761.0	2.26633e-148	TRUE						6058:A>-T
MN908947.3	6058	A	G	52496	25861	71	72.0	35	71	0.00136942	52577.0	1.81219e-22	TRUE						6058:A>G
MN908947.3	6059	T	C	50911	25057	71	82.0	46	71	0.0016074	51014.0	4.87193e-26	TRUE						6059:T>C
MN908947.3	6060	G	A	52704	25954	71	48.0	25	71	0.000909694	52765.0	3.48783e-15	TRUE						6060:G>A
MN908947.3	6061	T	C	52393	25884	71	107.0	46	70	0.00203713	52525.0	4.51712e-33	TRUE						6061:T>C
MN908947.3	6062	G	A	52699	25966	72	50.0	25	70	0.000947795	52754.0	8.75427e-16	TRUE						6062:G>A
MN908947.3	6063	A	G	52620	25930	71	113.0	55	71	0.0021423	52747.0	8.94279e-35	TRUE						6063:A>G
MN908947.3	6064	T	C	52242	25743	71	517.0	248	70	0.00979835	52764.0	6.41598e-157	TRUE						6064:T>C
MN908947.3	6065	A	G	52685	25952	71	53.0	32	69	0.00100472	52751.0	1.08922e-16	TRUE						6065:A>G
MN908947.3	6070	C	A	1064	169	44	102.0	57	65	0.00209519	48683.0	5.1439199999999995e-169	TRUE						6070:C>A
MN908947.3	6070	C	G	1064	169	44	349.0	177	71	0.00716883	48683.0	0.0	TRUE						6070:C>G
MN908947.3	6070	C	T	1064	169	44	47168.0	23749	71	0.96888	48683.0	0.0	TRUE						6070:C>T
MN908947.3	6168	T	A	5159	2893	65	58.0	30	70	0.0111069	5222.0	2.8933100000000004e-18	TRUE						6168:T>A
MN908947.3	6508	T	A	23845	9759	35	91.0	33	41	0.0037961	23972.0	3.81054e-25	TRUE						6508:T>A
MN908947.3	6511	T	A	24138	10063	35	48.0	21	36	0.00198216	24216.0	0.00306667	TRUE						6511:T>A
MN908947.3	6512	A	-GTT	24430	10280	36	8446.0	0	20	0.345242	24464.0	0.0	TRUE						6512:A>-GTT
MN908947.3	6513	G	A	15638	6126	35	67.0	38	50	0.00426453	15711.0	7.90628e-28	TRUE						6513:G>A
MN908947.3	6514	T	C	15668	6217	36	35.0	15	35	0.00222476	15732.0	0.00150812	TRUE						6514:T>C
MN908947.3	6515	T	A	15796	6191	36	105.0	60	43	0.00659092	15931.0	9.52084e-40	TRUE						6515:T>A
MN908947.3	6516	T	A	24015	9900	35	49.0	23	36	0.00203488	24080.0	0.00227637	TRUE						6516:T>A
MN908947.3	6533	G	A	24300	10259	36	79.0	37	35	0.00323917	24389.0	2.38966e-08	TRUE						6533:G>A
MN908947.3	6534	T	A	23992	10275	36	74.0	36	36	0.00307194	24089.0	2.00668e-07	TRUE						6534:T>A
MN908947.3	6537	G	A	24048	10062	35	181.0	90	36	0.00747039	24229.0	2.09774e-31	TRUE						6537:G>A
MN908947.3	6553	G	T	527	378	46	177.0	80	71	0.25	708.0	1.07401e-59	TRUE						6553:G>T
MN908947.3	6558	C	T	1916	1251	57	143.0	2	36	0.0694512	2059.0	2.04801e-41	TRUE						6558:C>T
MN908947.3	6565	A	-G	2055	1257	55	155.0	0	20	0.0751697	2062.0	3.09869e-26	TRUE						6565:A>-G
MN908947.3	670	T	G	1383	709	35	55.0	55	35	0.0381679	1441.0	4.58376e-16	TRUE						670:T>G
MN908947.3	6798	A	G	2966	1593	67	64.0	33	70	0.0210804	3036.0	3.67304e-20	TRUE						6798:A>G
MN908947.3	7004	A	G	705	437	50	266.0	121	73	0.273944	971.0	6.62656e-90	TRUE						7004:A>G
MN908947.3	7540	T	C	331	201	50	72.0	16	49	0.17866	403.0	7.124840000000001e-24	TRUE						7540:T>C
MN908947.3	7646	G	A	9962	4885	67	56.0	25	61	0.00556771	10058.0	1.15209e-17	TRUE						7646:G>A
MN908947.3	7646	G	T	9962	4885	67	31.0	17	63	0.00308212	10058.0	4.11979e-10	TRUE						7646:G>T
MN908947.3	7647	G	A	10059	4922	67	32.0	12	66	0.00316018	10126.0	2.15248e-10	TRUE						7647:G>A
MN908947.3	7650	G	A	10064	4913	67	39.0	21	70	0.00385528	10116.0	1.67721e-12	TRUE						7650:G>A
MN908947.3	7651	T	A	10045	4917	65	35.0	17	69	0.00346295	10107.0	2.67289e-11	TRUE						7651:T>A
MN908947.3	7655	T	A	9968	4875	68	39.0	19	73	0.00387905	10054.0	1.40419e-12	TRUE						7655:T>A
MN908947.3	7655	T	C	9968	4875	68	44.0	20	70	0.00437637	10054.0	4.26845e-14	TRUE						7655:T>C
MN908947.3	7656	T	C	10053	4912	68	48.0	22	69	0.0047398	10127.0	3.1207e-15	TRUE						7656:T>C
MN908947.3	7666	T	A	10004	4883	67	46.0	20	70	0.004554	10101.0	1.1343e-14	TRUE						7666:T>A
MN908947.3	7666	T	C	10004	4883	67	39.0	17	70	0.003861	10101.0	1.49233e-12	TRUE						7666:T>C
MN908947.3	7667	G	A	10074	4926	67	33.0	16	69	0.00326216	10116.0	1.09407e-10	TRUE						7667:G>A
MN908947.3	7669	A	G	10069	4926	67	32.0	15	69	0.00316362	10115.0	2.22543e-10	TRUE						7669:A>G
MN908947.3	7674	C	T	10038	4900	66	50.0	30	59	0.00494315	10115.0	7.83552e-16	TRUE						7674:C>T
MN908947.3	7675	G	A	10023	4875	67	51.0	33	61	0.00505101	10097.0	3.942e-16	TRUE						7675:G>A
MN908947.3	7677	G	C	410	165	48	39.0	22	71	0.0862832	452.0	7.02727e-13	TRUE						7677:G>C
MN908947.3	7872	T	C	6961	3544	69	32.0	11	69	0.00456556	7009.0	2.17115e-10	TRUE						7872:T>C
MN908947.3	7895	G	-A	7084	3596	70	310.0	0	20	0.0436927	7095.0	3.80067e-36	TRUE						7895:G>-A
MN908947.3	7906	A	G	325	211	46	5901.0	2983	72	0.942652	6260.0	0.0	TRUE						7906:A>G
MN908947.3	8278	T	C	1289	743	39	86.0	46	37	0.0625	1376.0	1.48772e-25	TRUE						8278:T>C
MN908947.3	8340	T	C	882	606	36	41.0	16	35	0.0444204	923.0	2.95301e-13	TRUE						8340:T>C
MN908947.3	8389	C	T	512	271	35	63.0	32	35	0.109375	576.0	1.79783e-20	TRUE						8389:C>T
MN908947.3	9010	G	A	103	74	43	35.0	14	72	0.25	140.0	2.14596e-12	TRUE						9010:G>A
MN908947.3	9011	G	A	460	329	54	38.0	15	70	0.0755467	503.0	1.49571e-12	TRUE						9011:G>A
MN908947.3	9352	T	A	2041	1043	67	85.0	43	73	0.0376773	2256.0	8.273890000000001e-28	TRUE						9352:T>A
MN908947.3	9352	T	C	2041	1043	67	124.0	62	69	0.0549645	2256.0	5.607120000000001e-40	TRUE						9352:T>C
MN908947.3	9602	A	G	11528	10568	42	40.0	40	38	0.00345453	11579.0	2.57026e-05	TRUE						9602:A>G
MN908947.3	9629	T	A	11411	10438	41	30.0	29	43	0.00259179	11575.0	1.23673e-08	TRUE						9629:T>A
MN908947.3	9629	T	C	11411	10438	41	66.0	61	41	0.00570194	11575.0	3.19694e-19	TRUE						9629:T>C
MN908947.3	9629	T	G	11411	10438	41	68.0	61	44	0.00587473	11575.0	8.159449999999999e-20	TRUE						9629:T>G
