,sample_01,sample_02,sample_03,sample_04,sample_05,sample_06,sample_07,sample_08,sample_09,sample_10,sample_11,sample_12,sample_13,sample_14,sample_15,sample_16,sample_17,sample_18,sample_19,sample_20,sample_21,sample_22,sample_23,sample_24,sample_25,sample_26,sample_27,sample_28,sample_29,sample_30,sample_31,sample_32,sample_33,sample_34,sample_35,sample_36,sample_37,sample_38,sample_39,sample_40,sample_41,sample_42,sample_43,sample_44,sample_45,sample_46,sample_47,sample_48,sample_49,sample_50,sample_51,sample_52,sample_53,sample_54,sample_55,sample_56,sample_57,sample_58,sample_59,sample_60,sample_61,sample_62,sample_63,sample_64,sample_65,sample_66,sample_67,sample_68,sample_69,sample_70,sample_72,sample_73,sample_74,sample_75,sample_76,sample_77,sample_78,sample_79,sample_80,sample_81,sample_82,sample_83,sample_84,sample_85,sample_86,sample_87,sample_88,sample_89,sample_90,sample_91,sample_92,sample_93,sample_94,sample_95,sample_96
"(0, 1000]",226,294,17,821,681,515,549,196,200,376,421,322,355,305,444,370,742,430,458,660,350,534,572,285,543,535,505,407,496,476,274,583,372,451,206,589,520,363,232,173,189,217,251,289,290,188,129,224,387,767,360,378,535,425,525,693,480,555,706,679,338,537,377,763,668,669,662,518,563,660,458,640,780,640,414,420,362,741,502,386,428,595,394,597,174,774,605,417,744,562,459,418,167,379,707
"(1000, 2000]",198,288,35,774,660,507,584,159,182,409,455,361,361,322,427,375,787,434,492,667,356,549,585,260,544,578,523,424,515,485,284,588,397,483,204,616,523,380,218,183,173,208,260,317,283,168,91,177,417,796,403,394,643,465,564,767,508,599,736,740,391,574,390,839,786,684,666,692,613,724,481,705,816,677,513,414,387,804,502,448,504,646,439,623,195,801,696,477,788,635,534,498,160,405,726
"(2000, 3000]",252,345,107,871,789,619,702,217,237,496,557,433,463,345,521,475,840,520,578,776,456,640,709,342,629,666,584,498,615,580,327,694,450,586,273,741,700,453,279,216,206,280,316,372,364,219,129,236,476,874,484,471,761,524,643,837,594,681,823,833,482,660,470,933,857,778,766,666,702,828,567,783,913,762,647,534,437,886,579,536,550,726,493,699,226,856,743,565,842,753,524,493,195,501,785
"(3000, 4000]",192,232,159,776,674,515,573,170,209,432,423,350,384,307,416,357,755,447,510,667,373,558,604,241,527,570,529,409,501,461,300,593,400,466,230,619,586,389,223,151,193,213,251,299,267,188,134,189,401,779,384,362,708,447,549,781,479,569,704,737,472,590,381,814,745,658,656,625,605,723,462,684,797,682,538,470,346,780,496,414,472,633,426,622,189,785,653,457,771,607,483,524,160,384,723
"(4000, 5000]",177,237,102,809,698,522,593,158,196,430,461,346,384,279,426,356,772,487,521,703,361,583,573,262,565,597,571,418,550,504,300,603,435,489,197,657,614,388,219,183,169,199,259,317,294,153,113,197,403,777,394,386,677,460,572,768,508,596,736,792,441,603,384,850,782,680,670,629,657,753,449,684,815,694,637,450,361,811,476,463,490,639,421,639,168,795,681,460,712,623,427,483,170,422,742
"(5000, 6000]",226,305,113,844,723,539,627,196,209,427,483,369,376,258,471,394,789,484,491,693,385,605,636,280,584,610,579,439,549,537,322,625,435,541,235,675,628,386,251,212,189,227,285,352,313,186,126,233,420,790,418,421,676,475,585,776,533,614,740,766,402,595,397,820,765,694,669,625,657,738,453,709,817,681,556,452,395,824,502,459,458,651,435,676,147,835,689,500,745,622,431,513,202,429,752
"(6000, 7000]",186,250,141,721,619,495,552,167,182,377,408,317,336,312,387,344,710,451,459,629,322,480,515,226,487,497,510,371,433,435,263,534,358,476,208,587,556,395,210,179,171,206,238,273,285,159,103,186,367,692,354,340,628,410,513,670,461,534,648,719,414,564,353,775,673,593,577,517,564,664,407,598,675,585,522,482,324,759,454,392,433,545,379,555,210,749,583,399,652,543,413,424,181,360,621
"(7000, 8000]",200,254,99,908,775,591,640,163,192,435,498,347,391,288,465,385,810,606,561,704,388,581,667,272,567,605,585,427,559,513,329,629,435,557,227,716,637,405,240,158,182,217,272,345,282,174,103,189,437,814,423,410,732,497,609,790,560,623,815,889,404,648,406,891,803,714,690,598,710,800,495,710,810,684,610,506,382,899,495,456,530,613,462,673,188,866,608,470,725,652,459,449,181,428,744
"(8000, 9000]",223,277,40,951,801,619,705,199,235,482,540,397,439,336,511,441,903,629,571,782,431,639,704,305,638,672,647,484,609,570,334,693,479,595,255,774,710,462,262,236,198,231,308,388,336,220,160,219,493,888,477,456,758,533,646,864,614,679,841,894,426,696,471,983,852,790,800,769,757,849,569,845,976,804,727,551,416,961,549,515,602,752,518,738,189,933,710,558,866,709,510,572,202,474,843
"(9000, 10000]",131,181,54,777,650,489,565,133,153,375,428,310,306,266,403,323,773,448,456,645,300,517,587,208,529,537,491,368,481,446,226,544,338,448,165,608,565,318,170,154,137,164,210,276,243,122,73,154,334,699,334,305,648,382,442,720,450,514,654,697,369,492,312,808,761,578,602,588,541,673,389,653,806,624,570,442,271,749,416,378,418,618,328,543,85,784,572,426,703,577,361,367,121,370,654
"(10000, 11000]",128,158,45,792,666,474,539,134,140,327,415,294,308,249,341,260,709,422,476,607,286,447,534,198,474,495,414,345,465,401,220,551,330,443,158,608,556,329,170,115,128,174,160,243,238,130,90,149,333,702,323,318,547,381,496,700,430,501,691,759,288,544,326,822,702,596,620,511,557,730,420,586,756,619,474,382,295,770,455,370,415,545,347,522,104,759,538,416,664,582,343,310,111,309,633
"(11000, 12000]",162,176,15,894,747,552,603,155,175,413,463,313,364,345,417,358,819,572,511,710,335,533,582,216,560,558,564,387,498,464,289,600,389,493,185,687,611,353,198,138,157,183,233,304,276,134,95,171,400,749,369,334,628,425,539,777,491,561,743,800,329,562,372,848,728,662,692,709,609,756,445,697,841,680,623,453,322,903,441,422,480,607,412,613,142,831,589,455,749,608,431,461,136,346,733
"(12000, 13000]",206,233,56,900,814,592,647,173,213,440,492,377,409,355,465,406,836,613,576,724,386,566,659,266,591,619,608,449,556,524,320,629,432,538,229,737,656,436,227,176,167,219,274,329,309,165,111,185,444,824,405,405,697,485,567,800,521,612,803,880,430,646,452,925,804,725,723,751,710,818,489,754,853,755,681,463,386,951,519,481,583,689,475,639,196,905,693,489,777,679,484,468,182,433,761
"(13000, 14000]",247,277,103,906,812,611,691,224,250,505,522,387,401,386,468,443,896,572,585,727,447,602,688,310,609,652,631,473,607,561,344,682,488,572,276,759,690,455,277,218,229,261,311,369,338,226,163,238,512,851,465,479,806,555,649,845,592,667,821,881,497,697,496,950,842,752,755,712,730,832,542,790,896,776,682,584,432,982,554,515,560,697,522,693,200,919,714,544,834,673,580,564,228,460,813
"(14000, 15000]",149,157,66,796,672,469,539,140,164,367,392,276,318,330,348,301,750,421,474,624,311,483,531,211,487,528,538,366,474,438,263,558,367,458,170,613,563,343,175,153,144,176,207,261,264,126,88,168,369,729,349,348,620,395,505,735,455,542,687,799,371,579,372,814,697,611,596,609,594,709,422,633,731,637,470,414,284,821,428,361,415,557,378,586,123,769,532,381,709,547,392,438,138,331,683
"(15000, 16000]",184,236,174,813,711,533,623,189,217,432,443,330,335,380,423,411,788,558,516,719,375,556,622,260,558,612,551,416,525,502,341,624,433,499,236,700,632,382,248,224,215,225,276,327,309,185,145,224,432,776,379,390,737,466,540,756,490,581,667,771,459,586,380,849,754,668,682,676,619,714,435,726,818,697,655,583,342,832,464,420,468,639,411,617,154,814,669,461,806,607,490,534,197,399,726
"(16000, 17000]",287,296,152,1014,882,714,759,269,307,559,599,431,490,444,542,504,964,659,675,815,482,669,743,344,697,729,723,552,690,640,428,764,545,683,314,875,784,535,317,291,279,318,361,399,440,267,191,291,537,932,516,520,861,580,700,919,668,723,919,1019,586,784,538,1039,910,820,825,728,820,945,626,802,984,827,813,685,469,1022,622,568,623,768,572,768,198,977,808,596,869,775,577,560,268,515,888
"(17000, 18000]",261,332,8,915,840,668,725,244,254,553,576,463,493,466,554,506,914,687,655,837,481,689,751,321,694,731,644,559,644,605,422,735,536,618,280,796,721,503,275,278,249,273,339,405,384,232,177,256,525,907,506,511,733,576,676,891,628,707,842,854,513,711,508,997,889,802,794,788,774,848,581,844,951,808,752,608,484,966,608,563,644,763,565,754,218,963,780,578,879,741,611,614,242,509,866
"(18000, 19000]",221,251,59,903,766,596,666,224,252,462,539,421,444,323,476,446,855,568,570,771,416,602,679,294,571,629,615,466,572,481,335,695,475,561,265,728,686,440,272,216,233,261,305,362,343,226,158,255,490,869,456,440,690,518,637,823,579,656,817,870,436,667,444,948,862,766,734,693,680,804,551,770,909,746,696,533,434,940,571,491,591,676,499,687,196,909,736,526,844,724,516,521,196,443,823
"(19000, 20000]",143,201,86,871,719,485,600,114,135,348,413,296,301,247,387,332,763,512,512,667,297,486,585,202,507,536,534,374,473,434,241,564,370,470,159,670,593,376,176,135,140,162,207,268,237,121,80,154,366,766,349,343,627,405,516,767,474,561,723,846,371,591,355,880,776,684,670,618,644,771,462,673,793,663,682,514,330,889,482,409,489,576,389,592,118,837,693,427,657,641,386,394,110,341,717
"(20000, 21000]",154,193,9,824,678,498,601,163,174,386,425,313,353,246,393,319,766,512,484,659,312,526,581,190,511,540,535,360,500,422,245,570,355,474,191,652,583,342,189,133,155,197,222,250,237,141,104,161,383,767,352,356,599,441,542,751,477,579,739,804,344,618,368,862,771,665,665,558,634,747,420,644,800,644,573,433,308,868,457,409,457,579,406,598,127,834,571,447,706,593,409,406,139,358,688
"(21000, 22000]",158,214,108,834,700,523,624,138,143,384,450,320,301,291,404,306,760,511,539,704,330,538,610,202,505,548,533,362,524,460,291,583,360,499,177,687,617,377,184,144,141,157,205,269,260,129,73,139,350,724,304,312,699,384,509,680,455,508,682,778,389,563,341,885,741,605,649,553,600,762,407,629,804,651,602,475,301,846,422,340,408,589,379,541,120,801,570,378,709,621,361,378,112,382,619
"(22000, 23000]",172,236,126,841,664,500,577,143,141,413,453,322,370,276,383,356,742,405,487,658,386,519,571,228,497,517,541,401,481,453,265,564,363,446,156,629,575,327,173,145,117,147,229,285,279,123,72,154,327,657,328,314,647,409,476,638,443,498,660,710,400,517,340,692,615,543,533,497,533,620,380,600,757,585,496,490,319,679,422,357,361,517,342,525,103,728,557,392,630,498,304,310,99,325,587
"(23000, 24000]",211,313,146,925,770,642,706,214,234,496,553,403,452,364,517,450,864,550,603,800,444,621,721,284,618,636,655,458,610,584,372,678,463,611,257,787,722,409,244,204,226,260,302,370,330,203,140,238,486,896,484,443,812,556,677,893,628,698,855,916,493,679,513,950,863,802,766,703,765,858,573,822,967,786,657,604,482,914,573,510,584,731,538,750,151,954,732,567,862,717,494,518,198,487,821
"(24000, 25000]",201,284,107,883,752,565,658,190,208,431,510,352,401,262,439,417,782,464,553,728,403,593,627,284,580,627,593,447,592,537,355,670,462,563,245,683,628,416,258,194,210,241,250,342,282,204,139,201,458,817,427,425,745,515,603,781,558,662,798,853,427,637,437,822,760,729,721,605,673,756,501,715,872,765,550,559,404,859,499,430,471,675,480,696,133,856,648,508,776,584,424,490,169,431,755
"(25000, 26000]",342,494,104,1049,965,773,874,303,334,642,715,544,618,530,680,599,1031,726,779,895,601,819,841,457,819,853,804,692,785,754,511,865,671,781,355,911,863,579,388,372,338,373,393,531,488,310,209,325,619,985,600,599,952,707,759,971,721,830,909,948,720,844,624,983,946,854,915,915,849,969,647,945,1084,942,795,760,574,1012,612,575,637,905,610,837,297,1006,784,672,1032,799,681,734,300,616,889
"(26000, 27000]",182,327,38,769,636,447,538,139,154,393,381,301,353,276,404,299,692,373,456,625,332,501,533,241,502,478,476,372,448,475,250,572,346,421,151,590,589,316,189,156,167,177,217,266,243,119,65,160,363,759,348,358,564,471,548,747,468,618,727,686,367,658,378,787,735,633,542,589,620,716,423,608,727,527,440,406,407,782,535,361,386,453,359,585,191,813,608,466,651,577,438,384,135,403,685
"(27000, 28000]",333,542,40,862,819,589,745,270,293,538,567,457,520,531,591,518,903,728,663,803,509,692,711,415,727,732,658,595,614,648,453,745,589,412,290,801,748,558,322,315,278,283,357,443,458,290,183,275,505,826,458,480,792,616,613,854,569,664,789,765,607,751,494,903,841,741,810,820,786,827,527,865,751,838,719,692,527,885,592,513,678,792,522,682,315,888,850,560,706,730,569,629,220,560,747
"(28000, 29000]",302,509,56,855,731,551,632,217,263,455,476,419,454,491,574,450,870,628,572,681,433,627,714,382,660,650,560,534,560,592,393,712,503,521,234,678,679,473,262,235,274,265,318,373,354,228,129,247,548,909,481,483,792,650,646,892,594,742,857,804,559,828,540,932,885,816,772,735,758,839,573,860,969,792,668,627,607,896,729,548,637,713,550,707,435,988,970,658,902,816,664,589,231,602,828
"(29000, 30000]",276,521,253,675,599,485,425,201,199,427,417,433,389,418,491,352,738,567,485,639,368,549,649,360,460,589,471,517,513,437,385,600,445,440,173,572,560,386,206,96,205,182,207,261,238,176,86,139,510,732,483,478,760,524,496,772,557,579,713,613,590,668,529,777,698,643,666,669,633,712,558,741,811,728,618,665,528,771,577,489,541,622,499,621,404,763,803,511,760,631,642,601,263,530,667
